{"v":"5.6.5","fr":24,"ip":0,"op":120,"w":732,"h":1280,"nm":"hellodoc","ddd":0,"assets":[],"layers":[{"ddd":0,"ind":1,"ty":4,"nm":"Layer 5 Outlines 2","sr":1,"ks":{"o":{"a":1,"k":[{"i":{"x":[0.833],"y":[0.629]},"o":{"x":[0.167],"y":[0.371]},"t":0,"s":[0]},{"t":18,"s":[45]}],"ix":11},"r":{"a":0,"k":0,"ix":10},"p":{"a":1,"k":[{"i":{"x":0.667,"y":1},"o":{"x":0.333,"y":0},"t":0,"s":[567.895,10.318,0],"to":[0,10,0],"ti":[0,0,0]},{"i":{"x":0.667,"y":1},"o":{"x":0.333,"y":0},"t":25.667,"s":[567.895,70.318,0],"to":[0,0,0],"ti":[0,0,0]},{"i":{"x":0.667,"y":1},"o":{"x":0.333,"y":0},"t":53.667,"s":[567.895,10.318,0],"to":[0,0,0],"ti":[0,0,0]},{"i":{"x":0.833,"y":0.833},"o":{"x":0.333,"y":0},"t":92.167,"s":[567.895,70.318,0],"to":[0,0,0],"ti":[0,10,0]},{"t":119,"s":[567.895,10.318,0]}],"ix":2},"a":{"a":0,"k":[22.811,110.567,0],"ix":1},"s":{"a":0,"k":[100,100,100],"ix":6}},"ao":0,"shapes":[{"ty":"gr","it":[{"ind":0,"ty":"sh","ix":1,"ks":{"a":0,"k":{"i":[[0,0],[0,0],[0,0],[0,0],[0,0],[0,0],[0,0],[0,0],[0,0],[0,0]],"o":[[0,0],[0,0],[0,0],[0,0],[0,0],[0,0],[0,0],[0,0],[0,0],[0,0]],"v":[[0.001,-21.456],[3.759,-2.907],[22.561,-5.065],[6.08,4.241],[13.942,21.456],[0.001,8.659],[-13.943,21.456],[-6.081,4.241],[-22.561,-5.065],[-3.759,-2.907]],"c":true},"ix":2},"nm":"Path 1","mn":"ADBE Vector Shape - Group","hd":false},{"ty":"fl","c":{"a":0,"k":[0.090000002992,0.169000004787,0.125,1],"ix":4},"o":{"a":0,"k":100,"ix":5},"r":1,"bm":0,"nm":"Fill 1","mn":"ADBE Vector Graphic - Fill","hd":false},{"ty":"tr","p":{"a":0,"k":[22.81,199.429],"ix":2},"a":{"a":0,"k":[0,0],"ix":1},"s":{"a":0,"k":[100,100],"ix":3},"r":{"a":0,"k":0,"ix":6},"o":{"a":0,"k":100,"ix":7},"sk":{"a":0,"k":0,"ix":4},"sa":{"a":0,"k":0,"ix":5},"nm":"Transform"}],"nm":"Group 1","np":2,"cix":2,"bm":0,"ix":1,"mn":"ADBE Vector Group","hd":false},{"ty":"gr","it":[{"ind":0,"ty":"sh","ix":1,"ks":{"a":0,"k":{"i":[[0,0],[0,0],[0,0],[0,0]],"o":[[0,0],[0,0],[0,0],[0,0]],"v":[[-0.367,92.739],[0.367,92.739],[0.367,-92.739],[-0.367,-92.739]],"c":true},"ix":2},"nm":"Path 1","mn":"ADBE Vector Shape - Group","hd":false},{"ty":"fl","c":{"a":0,"k":[0.090000002992,0.169000004787,0.125,1],"ix":4},"o":{"a":0,"k":100,"ix":5},"r":1,"bm":0,"nm":"Fill 1","mn":"ADBE Vector Graphic - Fill","hd":false},{"ty":"tr","p":{"a":0,"k":[22.811,92.989],"ix":2},"a":{"a":0,"k":[0,0],"ix":1},"s":{"a":0,"k":[100,100],"ix":3},"r":{"a":0,"k":0,"ix":6},"o":{"a":0,"k":100,"ix":7},"sk":{"a":0,"k":0,"ix":4},"sa":{"a":0,"k":0,"ix":5},"nm":"Transform"}],"nm":"Group 2","np":2,"cix":2,"bm":0,"ix":2,"mn":"ADBE Vector Group","hd":false}],"ip":0,"op":120,"st":0,"bm":0},{"ddd":0,"ind":2,"ty":4,"nm":"Layer 5 Outlines","sr":1,"ks":{"o":{"a":1,"k":[{"i":{"x":[0.833],"y":[0.629]},"o":{"x":[0.167],"y":[0.371]},"t":0,"s":[0]},{"t":18,"s":[45]}],"ix":11},"r":{"a":0,"k":0,"ix":10},"p":{"a":1,"k":[{"i":{"x":0.667,"y":1},"o":{"x":0.333,"y":0},"t":0,"s":[686.395,50.318,0],"to":[0,10,0],"ti":[0,0,0]},{"i":{"x":0.667,"y":1},"o":{"x":0.333,"y":0},"t":30.333,"s":[686.395,110.318,0],"to":[0,0,0],"ti":[0,0,0]},{"i":{"x":0.667,"y":1},"o":{"x":0.333,"y":0},"t":60.667,"s":[686.395,50.318,0],"to":[0,0,0],"ti":[0,0,0]},{"i":{"x":0.833,"y":0.833},"o":{"x":0.333,"y":0},"t":95.667,"s":[686.395,110.318,0],"to":[0,0,0],"ti":[0,10,0]},{"t":119,"s":[686.395,50.318,0]}],"ix":2},"a":{"a":0,"k":[22.811,110.567,0],"ix":1},"s":{"a":0,"k":[100,100,100],"ix":6}},"ao":0,"shapes":[{"ty":"gr","it":[{"ind":0,"ty":"sh","ix":1,"ks":{"a":0,"k":{"i":[[0,0],[0,0],[0,0],[0,0],[0,0],[0,0],[0,0],[0,0],[0,0],[0,0]],"o":[[0,0],[0,0],[0,0],[0,0],[0,0],[0,0],[0,0],[0,0],[0,0],[0,0]],"v":[[0.001,-21.456],[3.759,-2.907],[22.561,-5.065],[6.08,4.241],[13.942,21.456],[0.001,8.659],[-13.943,21.456],[-6.081,4.241],[-22.561,-5.065],[-3.759,-2.907]],"c":true},"ix":2},"nm":"Path 1","mn":"ADBE Vector Shape - Group","hd":false},{"ty":"fl","c":{"a":0,"k":[0.090000002992,0.169000004787,0.125,1],"ix":4},"o":{"a":0,"k":100,"ix":5},"r":1,"bm":0,"nm":"Fill 1","mn":"ADBE Vector Graphic - Fill","hd":false},{"ty":"tr","p":{"a":0,"k":[22.81,199.429],"ix":2},"a":{"a":0,"k":[0,0],"ix":1},"s":{"a":0,"k":[100,100],"ix":3},"r":{"a":0,"k":0,"ix":6},"o":{"a":0,"k":100,"ix":7},"sk":{"a":0,"k":0,"ix":4},"sa":{"a":0,"k":0,"ix":5},"nm":"Transform"}],"nm":"Group 1","np":2,"cix":2,"bm":0,"ix":1,"mn":"ADBE Vector Group","hd":false},{"ty":"gr","it":[{"ind":0,"ty":"sh","ix":1,"ks":{"a":0,"k":{"i":[[0,0],[0,0],[0,0],[0,0]],"o":[[0,0],[0,0],[0,0],[0,0]],"v":[[-0.367,92.739],[0.367,92.739],[0.367,-92.739],[-0.367,-92.739]],"c":true},"ix":2},"nm":"Path 1","mn":"ADBE Vector Shape - Group","hd":false},{"ty":"fl","c":{"a":0,"k":[0.090000002992,0.169000004787,0.125,1],"ix":4},"o":{"a":0,"k":100,"ix":5},"r":1,"bm":0,"nm":"Fill 1","mn":"ADBE Vector Graphic - Fill","hd":false},{"ty":"tr","p":{"a":0,"k":[22.811,92.989],"ix":2},"a":{"a":0,"k":[0,0],"ix":1},"s":{"a":0,"k":[100,100],"ix":3},"r":{"a":0,"k":0,"ix":6},"o":{"a":0,"k":100,"ix":7},"sk":{"a":0,"k":0,"ix":4},"sa":{"a":0,"k":0,"ix":5},"nm":"Transform"}],"nm":"Group 2","np":2,"cix":2,"bm":0,"ix":2,"mn":"ADBE Vector Group","hd":false}],"ip":0,"op":120,"st":0,"bm":0},{"ddd":0,"ind":3,"ty":4,"nm":"Layer 6 Outlines","sr":1,"ks":{"o":{"a":1,"k":[{"i":{"x":[0.833],"y":[0.629]},"o":{"x":[0.167],"y":[0.371]},"t":0,"s":[0]},{"t":18,"s":[45]}],"ix":11},"r":{"a":0,"k":0,"ix":10},"p":{"a":1,"k":[{"i":{"x":0.667,"y":1},"o":{"x":0.333,"y":0},"t":0,"s":[633.511,128.206,0],"to":[0,10,0],"ti":[0,0,0]},{"i":{"x":0.667,"y":1},"o":{"x":0.333,"y":0},"t":17.5,"s":[633.511,188.206,0],"to":[0,0,0],"ti":[0,0,0]},{"i":{"x":0.667,"y":1},"o":{"x":0.333,"y":0},"t":45.5,"s":[633.511,128.206,0],"to":[0,0,0],"ti":[0,0,0]},{"i":{"x":0.833,"y":0.833},"o":{"x":0.333,"y":0},"t":80.5,"s":[633.511,188.206,0],"to":[0,0,0],"ti":[0,10,0]},{"t":119,"s":[633.511,128.206,0]}],"ix":2},"a":{"a":0,"k":[38.67,188.456,0],"ix":1},"s":{"a":0,"k":[100,100,100],"ix":6}},"ao":0,"shapes":[{"ty":"gr","it":[{"ind":0,"ty":"sh","ix":1,"ks":{"a":0,"k":{"i":[[9.019,6.082],[-13.222,19.608],[-9.764,2.526],[10.522,-15.602],[-21.017,-14.173],[-14.937,9.476]],"o":[[-19.607,-13.223],[6.082,-9.018],[-17.398,-3.189],[-14.174,21.017],[15.602,10.523],[-9.999,1.317]],"v":[[8.903,31.678],[-2.657,-27.767],[22.107,-45.266],[-24.246,-25.786],[-11.856,37.932],[38.42,38.623]],"c":true},"ix":2},"nm":"Path 1","mn":"ADBE Vector Shape - Group","hd":false},{"ty":"fl","c":{"a":0,"k":[0.090000002992,0.169000004787,0.125,1],"ix":4},"o":{"a":0,"k":100,"ix":5},"r":1,"bm":0,"nm":"Fill 1","mn":"ADBE Vector Graphic - Fill","hd":false},{"ty":"tr","p":{"a":0,"k":[38.67,328.206],"ix":2},"a":{"a":0,"k":[0,0],"ix":1},"s":{"a":0,"k":[100,100],"ix":3},"r":{"a":0,"k":0,"ix":6},"o":{"a":0,"k":100,"ix":7},"sk":{"a":0,"k":0,"ix":4},"sa":{"a":0,"k":0,"ix":5},"nm":"Transform"}],"nm":"Group 1","np":4,"cix":2,"bm":0,"ix":1,"mn":"ADBE Vector Group","hd":false},{"ty":"gr","it":[{"ind":0,"ty":"sh","ix":1,"ks":{"a":0,"k":{"i":[[0,0],[0,0],[0,0],[0,0]],"o":[[0,0],[0,0],[0,0],[0,0]],"v":[[-0.626,144.939],[0.626,144.939],[0.626,-144.939],[-0.626,-144.939]],"c":true},"ix":2},"nm":"Path 1","mn":"ADBE Vector Shape - Group","hd":false},{"ty":"fl","c":{"a":0,"k":[0.090000002992,0.169000004787,0.125,1],"ix":4},"o":{"a":0,"k":100,"ix":5},"r":1,"bm":0,"nm":"Fill 1","mn":"ADBE Vector Graphic - Fill","hd":false},{"ty":"tr","p":{"a":0,"k":[39.083,145.189],"ix":2},"a":{"a":0,"k":[0,0],"ix":1},"s":{"a":0,"k":[100,100],"ix":3},"r":{"a":0,"k":0,"ix":6},"o":{"a":0,"k":100,"ix":7},"sk":{"a":0,"k":0,"ix":4},"sa":{"a":0,"k":0,"ix":5},"nm":"Transform"}],"nm":"Group 2","np":2,"cix":2,"bm":0,"ix":2,"mn":"ADBE Vector Group","hd":false}],"ip":0,"op":120,"st":0,"bm":0},{"ddd":0,"ind":4,"ty":4,"nm":"Layer 11 Outlines","sr":1,"ks":{"o":{"a":1,"k":[{"i":{"x":[0.833],"y":[0.629]},"o":{"x":[0.167],"y":[0.371]},"t":0,"s":[0]},{"t":18,"s":[45]}],"ix":11},"r":{"a":0,"k":0,"ix":10},"p":{"a":1,"k":[{"i":{"x":0.667,"y":1},"o":{"x":0.333,"y":0},"t":0,"s":[420.898,35.695,0],"to":[0,10,0],"ti":[0,0,0]},{"i":{"x":0.667,"y":1},"o":{"x":0.333,"y":0},"t":23.333,"s":[420.898,95.695,0],"to":[0,0,0],"ti":[0,0,0]},{"i":{"x":0.667,"y":1},"o":{"x":0.333,"y":0},"t":58.333,"s":[420.898,35.695,0],"to":[0,0,0],"ti":[0,0,0]},{"i":{"x":0.833,"y":0.833},"o":{"x":0.333,"y":0},"t":85.167,"s":[420.898,95.695,0],"to":[0,0,0],"ti":[0,10,0]},{"t":119,"s":[420.898,35.695,0]}],"ix":2},"a":{"a":0,"k":[13.246,95.945,0],"ix":1},"s":{"a":0,"k":[100,100,100],"ix":6}},"ao":0,"shapes":[{"ty":"gr","it":[{"ind":0,"ty":"sh","ix":1,"ks":{"a":0,"k":{"i":[[0,0],[0,0],[0,0],[0,0],[0,0],[0,0],[0,0],[0,0],[0,0],[0,0]],"o":[[0,0],[0,0],[0,0],[0,0],[0,0],[0,0],[0,0],[0,0],[0,0],[0,0]],"v":[[0,-12.36],[2.165,-1.675],[12.996,-2.918],[3.503,2.443],[8.031,12.36],[0,4.988],[-8.032,12.36],[-3.503,2.443],[-12.996,-2.918],[-2.165,-1.675]],"c":true},"ix":2},"nm":"Path 1","mn":"ADBE Vector Shape - Group","hd":false},{"ty":"fl","c":{"a":0,"k":[0.090000002992,0.169000004787,0.125,1],"ix":4},"o":{"a":0,"k":100,"ix":5},"r":1,"bm":0,"nm":"Fill 1","mn":"ADBE Vector Graphic - Fill","hd":false},{"ty":"tr","p":{"a":0,"k":[13.246,179.279],"ix":2},"a":{"a":0,"k":[0,0],"ix":1},"s":{"a":0,"k":[100,100],"ix":3},"r":{"a":0,"k":0,"ix":6},"o":{"a":0,"k":100,"ix":7},"sk":{"a":0,"k":0,"ix":4},"sa":{"a":0,"k":0,"ix":5},"nm":"Transform"}],"nm":"Group 1","np":2,"cix":2,"bm":0,"ix":1,"mn":"ADBE Vector Group","hd":false},{"ty":"gr","it":[{"ind":0,"ty":"sh","ix":1,"ks":{"a":0,"k":{"i":[[0,0],[0,0],[0,0],[0,0]],"o":[[0,0],[0,0],[0,0],[0,0]],"v":[[-0.212,85.568],[0.212,85.568],[0.212,-85.568],[-0.212,-85.568]],"c":true},"ix":2},"nm":"Path 1","mn":"ADBE Vector Shape - Group","hd":false},{"ty":"fl","c":{"a":0,"k":[0.090000002992,0.169000004787,0.125,1],"ix":4},"o":{"a":0,"k":100,"ix":5},"r":1,"bm":0,"nm":"Fill 1","mn":"ADBE Vector Graphic - Fill","hd":false},{"ty":"tr","p":{"a":0,"k":[13.245,85.818],"ix":2},"a":{"a":0,"k":[0,0],"ix":1},"s":{"a":0,"k":[100,100],"ix":3},"r":{"a":0,"k":0,"ix":6},"o":{"a":0,"k":100,"ix":7},"sk":{"a":0,"k":0,"ix":4},"sa":{"a":0,"k":0,"ix":5},"nm":"Transform"}],"nm":"Group 2","np":2,"cix":2,"bm":0,"ix":2,"mn":"ADBE Vector Group","hd":false}],"ip":0,"op":120,"st":0,"bm":0},{"ddd":0,"ind":5,"ty":4,"nm":"Layer 12 Outlines","sr":1,"ks":{"o":{"a":1,"k":[{"i":{"x":[0.833],"y":[0.629]},"o":{"x":[0.167],"y":[0.371]},"t":0,"s":[0]},{"t":18,"s":[45]}],"ix":11},"r":{"a":0,"k":0,"ix":10},"p":{"a":1,"k":[{"i":{"x":0.667,"y":1},"o":{"x":0.333,"y":0},"t":0,"s":[493.433,20.522,0],"to":[0,10,0],"ti":[0,0,0]},{"i":{"x":0.667,"y":1},"o":{"x":0.333,"y":0},"t":28,"s":[493.433,80.522,0],"to":[0,0,0],"ti":[0,0,0]},{"i":{"x":0.667,"y":1},"o":{"x":0.333,"y":0},"t":54.833,"s":[493.433,20.522,0],"to":[0,0,0],"ti":[0,0,0]},{"i":{"x":0.833,"y":0.833},"o":{"x":0.333,"y":0},"t":96.833,"s":[493.433,80.522,0],"to":[0,0,0],"ti":[0,10,0]},{"t":119,"s":[493.433,20.522,0]}],"ix":2},"a":{"a":0,"k":[22.811,80.772,0],"ix":1},"s":{"a":0,"k":[100,100,100],"ix":6}},"ao":0,"shapes":[{"ty":"gr","it":[{"ind":0,"ty":"sh","ix":1,"ks":{"a":0,"k":{"i":[[0,0],[0,0],[0,0],[0,0],[0,0],[0,0],[0,0],[0,0],[0,0],[0,0]],"o":[[0,0],[0,0],[0,0],[0,0],[0,0],[0,0],[0,0],[0,0],[0,0],[0,0]],"v":[[0.001,-21.456],[3.758,-2.908],[22.561,-5.065],[6.08,4.24],[13.942,21.456],[0.001,8.658],[-13.943,21.456],[-6.081,4.24],[-22.561,-5.065],[-3.758,-2.908]],"c":true},"ix":2},"nm":"Path 1","mn":"ADBE Vector Shape - Group","hd":false},{"ty":"fl","c":{"a":0,"k":[0.090000002992,0.169000004787,0.125,1],"ix":4},"o":{"a":0,"k":100,"ix":5},"r":1,"bm":0,"nm":"Fill 1","mn":"ADBE Vector Graphic - Fill","hd":false},{"ty":"tr","p":{"a":0,"k":[22.81,139.839],"ix":2},"a":{"a":0,"k":[0,0],"ix":1},"s":{"a":0,"k":[100,100],"ix":3},"r":{"a":0,"k":0,"ix":6},"o":{"a":0,"k":100,"ix":7},"sk":{"a":0,"k":0,"ix":4},"sa":{"a":0,"k":0,"ix":5},"nm":"Transform"}],"nm":"Group 1","np":2,"cix":2,"bm":0,"ix":1,"mn":"ADBE Vector Group","hd":false},{"ty":"gr","it":[{"ind":0,"ty":"sh","ix":1,"ks":{"a":0,"k":{"i":[[0,0],[0,0],[0,0],[0,0]],"o":[[0,0],[0,0],[0,0],[0,0]],"v":[[-0.368,62.943],[0.368,62.943],[0.368,-62.943],[-0.368,-62.943]],"c":true},"ix":2},"nm":"Path 1","mn":"ADBE Vector Shape - Group","hd":false},{"ty":"fl","c":{"a":0,"k":[0.090000002992,0.169000004787,0.125,1],"ix":4},"o":{"a":0,"k":100,"ix":5},"r":1,"bm":0,"nm":"Fill 1","mn":"ADBE Vector Graphic - Fill","hd":false},{"ty":"tr","p":{"a":0,"k":[22.81,63.193],"ix":2},"a":{"a":0,"k":[0,0],"ix":1},"s":{"a":0,"k":[100,100],"ix":3},"r":{"a":0,"k":0,"ix":6},"o":{"a":0,"k":100,"ix":7},"sk":{"a":0,"k":0,"ix":4},"sa":{"a":0,"k":0,"ix":5},"nm":"Transform"}],"nm":"Group 2","np":2,"cix":2,"bm":0,"ix":2,"mn":"ADBE Vector Group","hd":false}],"ip":0,"op":120,"st":0,"bm":0},{"ddd":0,"ind":6,"ty":4,"nm":"Layer 13 Outlines","sr":1,"ks":{"o":{"a":1,"k":[{"i":{"x":[0.833],"y":[0.629]},"o":{"x":[0.167],"y":[0.371]},"t":0,"s":[0]},{"t":18,"s":[45]}],"ix":11},"r":{"a":0,"k":0,"ix":10},"p":{"a":1,"k":[{"i":{"x":0.667,"y":1},"o":{"x":0.333,"y":0},"t":0,"s":[297.634,-6.436,0],"to":[0,10,0],"ti":[0,0,0]},{"i":{"x":0.667,"y":1},"o":{"x":0.333,"y":0},"t":24.5,"s":[297.634,53.564,0],"to":[0,0,0],"ti":[0,0,0]},{"i":{"x":0.667,"y":1},"o":{"x":0.333,"y":0},"t":60.667,"s":[297.634,-6.436,0],"to":[0,0,0],"ti":[0,0,0]},{"i":{"x":0.833,"y":0.833},"o":{"x":0.333,"y":0},"t":88.667,"s":[297.634,53.564,0],"to":[0,0,0],"ti":[0,10,0]},{"t":119,"s":[297.634,-6.436,0]}],"ix":2},"a":{"a":0,"k":[13.246,53.814,0],"ix":1},"s":{"a":0,"k":[100,100,100],"ix":6}},"ao":0,"shapes":[{"ty":"gr","it":[{"ind":0,"ty":"sh","ix":1,"ks":{"a":0,"k":{"i":[[0,0],[0,0],[0,0],[0,0],[0,0],[0,0],[0,0],[0,0],[0,0],[0,0]],"o":[[0,0],[0,0],[0,0],[0,0],[0,0],[0,0],[0,0],[0,0],[0,0],[0,0]],"v":[[0,-12.36],[2.165,-1.674],[12.996,-2.918],[3.503,2.444],[8.032,12.36],[0,4.988],[-8.032,12.36],[-3.503,2.444],[-12.996,-2.918],[-2.165,-1.674]],"c":true},"ix":2},"nm":"Path 1","mn":"ADBE Vector Shape - Group","hd":false},{"ty":"fl","c":{"a":0,"k":[0.090000002992,0.169000004787,0.125,1],"ix":4},"o":{"a":0,"k":100,"ix":5},"r":1,"bm":0,"nm":"Fill 1","mn":"ADBE Vector Graphic - Fill","hd":false},{"ty":"tr","p":{"a":0,"k":[13.246,95.019],"ix":2},"a":{"a":0,"k":[0,0],"ix":1},"s":{"a":0,"k":[100,100],"ix":3},"r":{"a":0,"k":0,"ix":6},"o":{"a":0,"k":100,"ix":7},"sk":{"a":0,"k":0,"ix":4},"sa":{"a":0,"k":0,"ix":5},"nm":"Transform"}],"nm":"Group 1","np":2,"cix":2,"bm":0,"ix":1,"mn":"ADBE Vector Group","hd":false},{"ty":"gr","it":[{"ind":0,"ty":"sh","ix":1,"ks":{"a":0,"k":{"i":[[0,0],[0,0],[0,0],[0,0]],"o":[[0,0],[0,0],[0,0],[0,0]],"v":[[-0.212,43.438],[0.212,43.438],[0.212,-43.438],[-0.212,-43.438]],"c":true},"ix":2},"nm":"Path 1","mn":"ADBE Vector Shape - Group","hd":false},{"ty":"fl","c":{"a":0,"k":[0.090000002992,0.169000004787,0.125,1],"ix":4},"o":{"a":0,"k":100,"ix":5},"r":1,"bm":0,"nm":"Fill 1","mn":"ADBE Vector Graphic - Fill","hd":false},{"ty":"tr","p":{"a":0,"k":[13.246,43.688],"ix":2},"a":{"a":0,"k":[0,0],"ix":1},"s":{"a":0,"k":[100,100],"ix":3},"r":{"a":0,"k":0,"ix":6},"o":{"a":0,"k":100,"ix":7},"sk":{"a":0,"k":0,"ix":4},"sa":{"a":0,"k":0,"ix":5},"nm":"Transform"}],"nm":"Group 2","np":2,"cix":2,"bm":0,"ix":2,"mn":"ADBE Vector Group","hd":false}],"ip":0,"op":120,"st":0,"bm":0},{"ddd":0,"ind":7,"ty":4,"nm":"Layer 14 Outlines","sr":1,"ks":{"o":{"a":1,"k":[{"i":{"x":[0.833],"y":[0.629]},"o":{"x":[0.167],"y":[0.371]},"t":0,"s":[0]},{"t":18,"s":[45]}],"ix":11},"r":{"a":0,"k":0,"ix":10},"p":{"a":1,"k":[{"i":{"x":0.667,"y":1},"o":{"x":0.333,"y":0},"t":0,"s":[192.26,35.866,0],"to":[0,10,0],"ti":[0,0,0]},{"i":{"x":0.667,"y":1},"o":{"x":0.333,"y":0},"t":30.333,"s":[192.26,95.866,0],"to":[0,0,0],"ti":[0,0,0]},{"i":{"x":0.667,"y":1},"o":{"x":0.333,"y":0},"t":56,"s":[192.26,35.866,0],"to":[0,0,0],"ti":[0,0,0]},{"i":{"x":0.833,"y":0.833},"o":{"x":0.333,"y":0},"t":88.667,"s":[192.26,95.866,0],"to":[0,0,0],"ti":[0,10,0]},{"t":119,"s":[192.26,35.866,0]}],"ix":2},"a":{"a":0,"k":[22.81,96.116,0],"ix":1},"s":{"a":0,"k":[100,100,100],"ix":6}},"ao":0,"shapes":[{"ty":"gr","it":[{"ind":0,"ty":"sh","ix":1,"ks":{"a":0,"k":{"i":[[0,0],[0,0],[0,0],[0,0],[0,0],[0,0],[0,0],[0,0],[0,0],[0,0]],"o":[[0,0],[0,0],[0,0],[0,0],[0,0],[0,0],[0,0],[0,0],[0,0],[0,0]],"v":[[0,-21.456],[3.758,-2.908],[22.56,-5.065],[6.081,4.241],[13.943,21.456],[0,8.658],[-13.943,21.456],[-6.081,4.241],[-22.56,-5.065],[-3.758,-2.908]],"c":true},"ix":2},"nm":"Path 1","mn":"ADBE Vector Shape - Group","hd":false},{"ty":"fl","c":{"a":0,"k":[0.090000002992,0.169000004787,0.125,1],"ix":4},"o":{"a":0,"k":100,"ix":5},"r":1,"bm":0,"nm":"Fill 1","mn":"ADBE Vector Graphic - Fill","hd":false},{"ty":"tr","p":{"a":0,"k":[22.81,170.526],"ix":2},"a":{"a":0,"k":[0,0],"ix":1},"s":{"a":0,"k":[100,100],"ix":3},"r":{"a":0,"k":0,"ix":6},"o":{"a":0,"k":100,"ix":7},"sk":{"a":0,"k":0,"ix":4},"sa":{"a":0,"k":0,"ix":5},"nm":"Transform"}],"nm":"Group 1","np":2,"cix":2,"bm":0,"ix":1,"mn":"ADBE Vector Group","hd":false},{"ty":"gr","it":[{"ind":0,"ty":"sh","ix":1,"ks":{"a":0,"k":{"i":[[0,0],[0,0],[0,0],[0,0]],"o":[[0,0],[0,0],[0,0],[0,0]],"v":[[-0.367,78.287],[0.367,78.287],[0.367,-78.287],[-0.367,-78.287]],"c":true},"ix":2},"nm":"Path 1","mn":"ADBE Vector Shape - Group","hd":false},{"ty":"fl","c":{"a":0,"k":[0.090000002992,0.169000004787,0.125,1],"ix":4},"o":{"a":0,"k":100,"ix":5},"r":1,"bm":0,"nm":"Fill 1","mn":"ADBE Vector Graphic - Fill","hd":false},{"ty":"tr","p":{"a":0,"k":[22.81,78.537],"ix":2},"a":{"a":0,"k":[0,0],"ix":1},"s":{"a":0,"k":[100,100],"ix":3},"r":{"a":0,"k":0,"ix":6},"o":{"a":0,"k":100,"ix":7},"sk":{"a":0,"k":0,"ix":4},"sa":{"a":0,"k":0,"ix":5},"nm":"Transform"}],"nm":"Group 2","np":2,"cix":2,"bm":0,"ix":2,"mn":"ADBE Vector Group","hd":false}],"ip":0,"op":120,"st":0,"bm":0},{"ddd":0,"ind":8,"ty":4,"nm":"Layer 15 Outlines","sr":1,"ks":{"o":{"a":1,"k":[{"i":{"x":[0.833],"y":[0.629]},"o":{"x":[0.167],"y":[0.371]},"t":0,"s":[0]},{"t":18,"s":[45]}],"ix":11},"r":{"a":0,"k":0,"ix":10},"p":{"a":1,"k":[{"i":{"x":0.667,"y":1},"o":{"x":0.333,"y":0},"t":0,"s":[114.43,5.899,0],"to":[0,10,0],"ti":[0,0,0]},{"i":{"x":0.667,"y":1},"o":{"x":0.333,"y":0},"t":23.333,"s":[114.43,65.899,0],"to":[0,0,0],"ti":[0,0,0]},{"i":{"x":0.667,"y":1},"o":{"x":0.333,"y":0},"t":58.333,"s":[114.43,5.899,0],"to":[0,0,0],"ti":[0,0,0]},{"i":{"x":0.833,"y":0.833},"o":{"x":0.333,"y":0},"t":94.5,"s":[114.43,65.899,0],"to":[0,0,0],"ti":[0,10,0]},{"t":119,"s":[114.43,5.899,0]}],"ix":2},"a":{"a":0,"k":[13.246,66.149,0],"ix":1},"s":{"a":0,"k":[100,100,100],"ix":6}},"ao":0,"shapes":[{"ty":"gr","it":[{"ind":0,"ty":"sh","ix":1,"ks":{"a":0,"k":{"i":[[0,0],[0,0],[0,0],[0,0],[0,0],[0,0],[0,0],[0,0],[0,0],[0,0]],"o":[[0,0],[0,0],[0,0],[0,0],[0,0],[0,0],[0,0],[0,0],[0,0],[0,0]],"v":[[0,-12.36],[2.165,-1.674],[12.996,-2.918],[3.502,2.443],[8.032,12.36],[0,4.988],[-8.032,12.36],[-3.503,2.443],[-12.996,-2.918],[-2.165,-1.674]],"c":true},"ix":2},"nm":"Path 1","mn":"ADBE Vector Shape - Group","hd":false},{"ty":"fl","c":{"a":0,"k":[0.090000002992,0.169000004787,0.125,1],"ix":4},"o":{"a":0,"k":100,"ix":5},"r":1,"bm":0,"nm":"Fill 1","mn":"ADBE Vector Graphic - Fill","hd":false},{"ty":"tr","p":{"a":0,"k":[13.246,119.688],"ix":2},"a":{"a":0,"k":[0,0],"ix":1},"s":{"a":0,"k":[100,100],"ix":3},"r":{"a":0,"k":0,"ix":6},"o":{"a":0,"k":100,"ix":7},"sk":{"a":0,"k":0,"ix":4},"sa":{"a":0,"k":0,"ix":5},"nm":"Transform"}],"nm":"Group 1","np":2,"cix":2,"bm":0,"ix":1,"mn":"ADBE Vector Group","hd":false},{"ty":"gr","it":[{"ind":0,"ty":"sh","ix":1,"ks":{"a":0,"k":{"i":[[0,0],[0,0],[0,0],[0,0]],"o":[[0,0],[0,0],[0,0],[0,0]],"v":[[-0.212,55.773],[0.212,55.773],[0.212,-55.773],[-0.212,-55.773]],"c":true},"ix":2},"nm":"Path 1","mn":"ADBE Vector Shape - Group","hd":false},{"ty":"fl","c":{"a":0,"k":[0.090000002992,0.169000004787,0.125,1],"ix":4},"o":{"a":0,"k":100,"ix":5},"r":1,"bm":0,"nm":"Fill 1","mn":"ADBE Vector Graphic - Fill","hd":false},{"ty":"tr","p":{"a":0,"k":[13.246,56.023],"ix":2},"a":{"a":0,"k":[0,0],"ix":1},"s":{"a":0,"k":[100,100],"ix":3},"r":{"a":0,"k":0,"ix":6},"o":{"a":0,"k":100,"ix":7},"sk":{"a":0,"k":0,"ix":4},"sa":{"a":0,"k":0,"ix":5},"nm":"Transform"}],"nm":"Group 2","np":2,"cix":2,"bm":0,"ix":2,"mn":"ADBE Vector Group","hd":false}],"ip":0,"op":120,"st":0,"bm":0},{"ddd":0,"ind":9,"ty":4,"nm":"Layer 3 Outlines","sr":1,"ks":{"o":{"a":1,"k":[{"i":{"x":[0.833],"y":[0.629]},"o":{"x":[0.167],"y":[0.371]},"t":0,"s":[0]},{"t":18,"s":[45]}],"ix":11},"r":{"a":0,"k":0,"ix":10},"p":{"a":1,"k":[{"i":{"x":0.667,"y":1},"o":{"x":0.333,"y":0},"t":0,"s":[69.76,101.155,0],"to":[0,10,0],"ti":[0,0,0]},{"i":{"x":0.667,"y":1},"o":{"x":0.333,"y":0},"t":19.833,"s":[69.76,161.155,0],"to":[0,0,0],"ti":[0,0,0]},{"i":{"x":0.667,"y":1},"o":{"x":0.333,"y":0},"t":52.5,"s":[69.76,101.155,0],"to":[0,0,0],"ti":[0,0,0]},{"i":{"x":0.833,"y":0.833},"o":{"x":0.333,"y":0},"t":85.167,"s":[69.76,161.155,0],"to":[0,0,0],"ti":[0,10,0]},{"t":119,"s":[69.76,101.155,0]}],"ix":2},"a":{"a":0,"k":[38.67,161.405,0],"ix":1},"s":{"a":0,"k":[100,100,100],"ix":6}},"ao":0,"shapes":[{"ty":"gr","it":[{"ind":0,"ty":"sh","ix":1,"ks":{"a":0,"k":{"i":[[9.019,6.082],[-13.223,19.607],[-9.764,2.526],[10.523,-15.602],[-21.017,-14.173],[-14.936,9.476]],"o":[[-19.606,-13.223],[6.082,-9.019],[-17.398,-3.189],[-14.174,21.017],[15.602,10.523],[-9.998,1.317]],"v":[[8.903,31.678],[-2.656,-27.766],[22.107,-45.266],[-24.246,-25.786],[-11.856,37.932],[38.42,38.623]],"c":true},"ix":2},"nm":"Path 1","mn":"ADBE Vector Shape - Group","hd":false},{"ty":"fl","c":{"a":0,"k":[0.090000002992,0.169000004787,0.125,1],"ix":4},"o":{"a":0,"k":100,"ix":5},"r":1,"bm":0,"nm":"Fill 1","mn":"ADBE Vector Graphic - Fill","hd":false},{"ty":"tr","p":{"a":0,"k":[38.67,274.104],"ix":2},"a":{"a":0,"k":[0,0],"ix":1},"s":{"a":0,"k":[100,100],"ix":3},"r":{"a":0,"k":0,"ix":6},"o":{"a":0,"k":100,"ix":7},"sk":{"a":0,"k":0,"ix":4},"sa":{"a":0,"k":0,"ix":5},"nm":"Transform"}],"nm":"Group 1","np":4,"cix":2,"bm":0,"ix":1,"mn":"ADBE Vector Group","hd":false},{"ty":"gr","it":[{"ind":0,"ty":"sh","ix":1,"ks":{"a":0,"k":{"i":[[0,0],[0,0],[0,0],[0,0]],"o":[[0,0],[0,0],[0,0],[0,0]],"v":[[-0.626,114.925],[0.626,114.925],[0.626,-114.925],[-0.626,-114.925]],"c":true},"ix":2},"nm":"Path 1","mn":"ADBE Vector Shape - Group","hd":false},{"ty":"fl","c":{"a":0,"k":[0.090000002992,0.169000004787,0.125,1],"ix":4},"o":{"a":0,"k":100,"ix":5},"r":1,"bm":0,"nm":"Fill 1","mn":"ADBE Vector Graphic - Fill","hd":false},{"ty":"tr","p":{"a":0,"k":[39.083,115.175],"ix":2},"a":{"a":0,"k":[0,0],"ix":1},"s":{"a":0,"k":[100,100],"ix":3},"r":{"a":0,"k":0,"ix":6},"o":{"a":0,"k":100,"ix":7},"sk":{"a":0,"k":0,"ix":4},"sa":{"a":0,"k":0,"ix":5},"nm":"Transform"}],"nm":"Group 2","np":2,"cix":2,"bm":0,"ix":2,"mn":"ADBE Vector Group","hd":false}],"ip":0,"op":120,"st":0,"bm":0},{"ddd":0,"ind":10,"ty":4,"nm":"Layer 10 Outlines 2","sr":1,"ks":{"o":{"a":1,"k":[{"i":{"x":[0.667],"y":[1]},"o":{"x":[0.333],"y":[0]},"t":67,"s":[0]},{"t":88,"s":[100]}],"ix":11},"r":{"a":0,"k":0,"ix":10},"p":{"a":0,"k":[365.19,677.553,0],"ix":2},"a":{"a":0,"k":[81.954,15.385,0],"ix":1},"s":{"a":0,"k":[100,100,100],"ix":6}},"ao":0,"shapes":[{"ty":"gr","it":[{"ind":0,"ty":"sh","ix":1,"ks":{"a":0,"k":{"i":[[0,0],[0,0],[0,0],[2.43,0],[0,4.8],[0,0],[0,0],[0,0],[-3,0],[0,3.991],[0,0],[0,0]],"o":[[0,0],[0,0],[-0.989,2.07],[-3.719,0],[0,0],[0,0],[0,0],[0,3.63],[3.061,0],[0,0],[0,0],[0,0]],"v":[[7.17,8.054],[5.068,8.054],[5.068,5.175],[-0.511,8.324],[-7.17,1.244],[-7.17,-8.324],[-5.101,-8.324],[-5.101,1.004],[-0.12,6.494],[5.068,0.585],[5.068,-8.324],[7.17,-8.324]],"c":true},"ix":2},"nm":"Path 1","mn":"ADBE Vector Shape - Group","hd":false},{"ty":"fl","c":{"a":0,"k":[0.090000002992,0.169000004787,0.125,1],"ix":4},"o":{"a":0,"k":100,"ix":5},"r":1,"bm":0,"nm":"Fill 1","mn":"ADBE Vector Graphic - Fill","hd":false},{"ty":"tr","p":{"a":0,"k":[156.488,14.755],"ix":2},"a":{"a":0,"k":[0,0],"ix":1},"s":{"a":0,"k":[100,100],"ix":3},"r":{"a":0,"k":0,"ix":6},"o":{"a":0,"k":100,"ix":7},"sk":{"a":0,"k":0,"ix":4},"sa":{"a":0,"k":0,"ix":5},"nm":"Transform"}],"nm":"Group 1","np":4,"cix":2,"bm":0,"ix":1,"mn":"ADBE Vector Group","hd":false},{"ty":"gr","it":[{"ind":0,"ty":"sh","ix":1,"ks":{"a":0,"k":{"i":[[-3.12,0],[0,4.5],[3.119,0],[0,-4.5]],"o":[[3.09,0],[0,-4.5],[-3.12,0],[0,4.5]],"v":[[-0.059,6.599],[6.029,0],[-0.029,-6.599],[-6.059,0]],"c":true},"ix":2},"nm":"Path 1","mn":"ADBE Vector Shape - Group","hd":false},{"ind":1,"ty":"sh","ix":2,"ks":{"a":0,"k":{"i":[[4.62,0],[0,5.19],[-4.59,0],[0,-5.219]],"o":[[-4.62,0],[0,-5.219],[4.62,0],[0,5.19]],"v":[[-0.059,8.43],[-8.189,0],[0.001,-8.43],[8.189,0]],"c":true},"ix":2},"nm":"Path 2","mn":"ADBE Vector Shape - Group","hd":false},{"ty":"mm","mm":1,"nm":"Merge Paths 1","mn":"ADBE Vector Filter - Merge","hd":false},{"ty":"fl","c":{"a":0,"k":[0.090000002992,0.169000004787,0.125,1],"ix":4},"o":{"a":0,"k":100,"ix":5},"r":1,"bm":0,"nm":"Fill 1","mn":"ADBE Vector Graphic - Fill","hd":false},{"ty":"tr","p":{"a":0,"k":[137.438,14.62],"ix":2},"a":{"a":0,"k":[0,0],"ix":1},"s":{"a":0,"k":[100,100],"ix":3},"r":{"a":0,"k":0,"ix":6},"o":{"a":0,"k":100,"ix":7},"sk":{"a":0,"k":0,"ix":4},"sa":{"a":0,"k":0,"ix":5},"nm":"Transform"}],"nm":"Group 2","np":6,"cix":2,"bm":0,"ix":2,"mn":"ADBE Vector Group","hd":false},{"ty":"gr","it":[{"ind":0,"ty":"sh","ix":1,"ks":{"a":0,"k":{"i":[[0,0],[0,0],[0,0],[0,0],[0,0],[0,0],[0,0],[0,0]],"o":[[0,0],[0,0],[0,0],[0,0],[0,0],[0,0],[0,0],[0,0]],"v":[[5.565,-12.045],[7.724,-12.045],[-1.996,12.045],[-4.185,12.045],[-1.004,4.244],[-7.724,-12.045],[-5.414,-12.045],[0.165,1.934]],"c":true},"ix":2},"nm":"Path 1","mn":"ADBE Vector Shape - Group","hd":false},{"ty":"fl","c":{"a":0,"k":[0.090000002992,0.169000004787,0.125,1],"ix":4},"o":{"a":0,"k":100,"ix":5},"r":1,"bm":0,"nm":"Fill 1","mn":"ADBE Vector Graphic - Fill","hd":false},{"ty":"tr","p":{"a":0,"k":[119.633,18.475],"ix":2},"a":{"a":0,"k":[0,0],"ix":1},"s":{"a":0,"k":[100,100],"ix":3},"r":{"a":0,"k":0,"ix":6},"o":{"a":0,"k":100,"ix":7},"sk":{"a":0,"k":0,"ix":4},"sa":{"a":0,"k":0,"ix":5},"nm":"Transform"}],"nm":"Group 3","np":4,"cix":2,"bm":0,"ix":3,"mn":"ADBE Vector Group","hd":false},{"ty":"gr","it":[{"ind":0,"ty":"sh","ix":1,"ks":{"a":0,"k":{"i":[[3.39,0],[0.27,3],[0,0],[-2.67,0],[0,1.56],[0,6.15],[-3.45,0],[-0.18,-3.15],[0,0],[2.489,0],[0,-1.44],[-0.09,-5.79]],"o":[[-3.721,0],[0,0],[0.18,1.799],[2.34,0],[0,-4.05],[0,-2.43],[3.51,0],[0,0],[-0.119,-1.83],[-2.19,0],[0,4.44],[0,2.64]],"v":[[0.451,8.429],[-6.149,3.569],[-3.989,3.569],[0.42,6.658],[4.08,3.84],[-5.76,-3.991],[0.001,-8.429],[5.999,-3.421],[3.899,-3.421],[-0.059,-6.631],[-3.63,-4.02],[6.149,3.84]],"c":true},"ix":2},"nm":"Path 1","mn":"ADBE Vector Shape - Group","hd":false},{"ty":"fl","c":{"a":0,"k":[0.090000002992,0.169000004787,0.125,1],"ix":4},"o":{"a":0,"k":100,"ix":5},"r":1,"bm":0,"nm":"Fill 1","mn":"ADBE Vector Graphic - Fill","hd":false},{"ty":"tr","p":{"a":0,"k":[95.529,14.62],"ix":2},"a":{"a":0,"k":[0,0],"ix":1},"s":{"a":0,"k":[100,100],"ix":3},"r":{"a":0,"k":0,"ix":6},"o":{"a":0,"k":100,"ix":7},"sk":{"a":0,"k":0,"ix":4},"sa":{"a":0,"k":0,"ix":5},"nm":"Transform"}],"nm":"Group 4","np":4,"cix":2,"bm":0,"ix":4,"mn":"ADBE Vector Group","hd":false},{"ty":"gr","it":[{"ind":0,"ty":"sh","ix":1,"ks":{"a":0,"k":{"i":[[0.24,-3.81],[0,0],[3.03,0]],"o":[[0,0],[0.089,-3.81],[-2.97,0]],"v":[[-5.759,-0.901],[5.76,-0.901],[0.06,-6.629]],"c":true},"ix":2},"nm":"Path 1","mn":"ADBE Vector Shape - Group","hd":false},{"ind":1,"ty":"sh","ix":2,"ks":{"a":0,"k":{"i":[[4.11,0],[0,5.19],[-4.71,0],[0,-4.17],[0.06,-0.569],[0,0],[-3.06,0],[-0.599,2.19],[0,0]],"o":[[-4.65,0],[0,-5.219],[4.799,0],[0,0.659],[0,0],[0.18,3.84],[2.79,0],[0,0],[-0.75,3.09]],"v":[[0.15,8.43],[-7.889,0],[0.15,-8.43],[7.889,-0.839],[7.829,0.81],[-5.759,0.81],[0.15,6.66],[5.43,3],[7.65,3]],"c":true},"ix":2},"nm":"Path 2","mn":"ADBE Vector Shape - Group","hd":false},{"ty":"mm","mm":1,"nm":"Merge Paths 1","mn":"ADBE Vector Filter - Merge","hd":false},{"ty":"fl","c":{"a":0,"k":[0.090000002992,0.169000004787,0.125,1],"ix":4},"o":{"a":0,"k":100,"ix":5},"r":1,"bm":0,"nm":"Fill 1","mn":"ADBE Vector Graphic - Fill","hd":false},{"ty":"tr","p":{"a":0,"k":[78.609,14.62],"ix":2},"a":{"a":0,"k":[0,0],"ix":1},"s":{"a":0,"k":[100,100],"ix":3},"r":{"a":0,"k":0,"ix":6},"o":{"a":0,"k":100,"ix":7},"sk":{"a":0,"k":0,"ix":4},"sa":{"a":0,"k":0,"ix":5},"nm":"Transform"}],"nm":"Group 5","np":6,"cix":2,"bm":0,"ix":5,"mn":"ADBE Vector Group","hd":false},{"ty":"gr","it":[{"ind":0,"ty":"sh","ix":1,"ks":{"a":0,"k":{"i":[[0,0],[0,0],[0,0],[-2.49,0],[0,-4.8],[0,0],[0,0],[0,0],[3,0],[0,-3.99],[0,0],[0,0]],"o":[[0,0],[0,0],[1.05,-2.009],[3.63,0],[0,0],[0,0],[0,0],[0,-3.63],[-3.06,0],[0,0],[0,0],[0,0]],"v":[[-7.169,-11.1],[-5.07,-11.1],[-5.07,-2.491],[0.63,-5.579],[7.169,1.501],[7.169,11.1],[5.1,11.1],[5.1,1.741],[0.12,-3.749],[-5.07,2.16],[-5.07,11.1],[-7.169,11.1]],"c":true},"ix":2},"nm":"Path 1","mn":"ADBE Vector Shape - Group","hd":false},{"ty":"fl","c":{"a":0,"k":[0.090000002992,0.169000004787,0.125,1],"ix":4},"o":{"a":0,"k":100,"ix":5},"r":1,"bm":0,"nm":"Fill 1","mn":"ADBE Vector Graphic - Fill","hd":false},{"ty":"tr","p":{"a":0,"k":[59.859,11.71],"ix":2},"a":{"a":0,"k":[0,0],"ix":1},"s":{"a":0,"k":[100,100],"ix":3},"r":{"a":0,"k":0,"ix":6},"o":{"a":0,"k":100,"ix":7},"sk":{"a":0,"k":0,"ix":4},"sa":{"a":0,"k":0,"ix":5},"nm":"Transform"}],"nm":"Group 6","np":4,"cix":2,"bm":0,"ix":6,"mn":"ADBE Vector Group","hd":false},{"ty":"gr","it":[{"ind":0,"ty":"sh","ix":1,"ks":{"a":0,"k":{"i":[[3.39,0],[0.27,3],[0,0],[-2.67,0],[0,1.56],[0,6.15],[-3.45,0],[-0.18,-3.15],[0,0],[2.49,0],[0,-1.44],[-0.09,-5.79]],"o":[[-3.72,0],[0,0],[0.179,1.799],[2.34,0],[0,-4.05],[0,-2.43],[3.51,0],[0,0],[-0.12,-1.83],[-2.19,0],[0,4.44],[0,2.64]],"v":[[0.45,8.429],[-6.15,3.569],[-3.989,3.569],[0.42,6.658],[4.08,3.84],[-5.759,-3.991],[0,-8.429],[6,-3.421],[3.9,-3.421],[-0.06,-6.631],[-3.63,-4.02],[6.15,3.84]],"c":true},"ix":2},"nm":"Path 1","mn":"ADBE Vector Shape - Group","hd":false},{"ty":"fl","c":{"a":0,"k":[0.090000002992,0.169000004787,0.125,1],"ix":4},"o":{"a":0,"k":100,"ix":5},"r":1,"bm":0,"nm":"Fill 1","mn":"ADBE Vector Graphic - Fill","hd":false},{"ty":"tr","p":{"a":0,"k":[42.579,14.62],"ix":2},"a":{"a":0,"k":[0,0],"ix":1},"s":{"a":0,"k":[100,100],"ix":3},"r":{"a":0,"k":0,"ix":6},"o":{"a":0,"k":100,"ix":7},"sk":{"a":0,"k":0,"ix":4},"sa":{"a":0,"k":0,"ix":5},"nm":"Transform"}],"nm":"Group 7","np":4,"cix":2,"bm":0,"ix":7,"mn":"ADBE Vector Group","hd":false},{"ty":"gr","it":[{"ind":0,"ty":"sh","ix":1,"ks":{"a":0,"k":{"i":[[0,0],[0,0],[0,0],[0,0]],"o":[[0,0],[0,0],[0,0],[0,0]],"v":[[-1.05,-5.099],[1.05,-5.099],[1.05,11.28],[-1.05,11.28]],"c":true},"ix":2},"nm":"Path 1","mn":"ADBE Vector Shape - Group","hd":false},{"ind":1,"ty":"sh","ix":2,"ks":{"a":0,"k":{"i":[[0,0.901],[-0.84,0],[0,-0.899],[0.841,0]],"o":[[0,-0.899],[0.841,0],[0,0.901],[-0.84,0]],"v":[[-1.53,-9.75],[0,-11.28],[1.53,-9.75],[0,-8.189]],"c":true},"ix":2},"nm":"Path 2","mn":"ADBE Vector Shape - Group","hd":false},{"ty":"mm","mm":1,"nm":"Merge Paths 1","mn":"ADBE Vector Filter - Merge","hd":false},{"ty":"fl","c":{"a":0,"k":[0.090000002992,0.169000004787,0.125,1],"ix":4},"o":{"a":0,"k":100,"ix":5},"r":1,"bm":0,"nm":"Fill 1","mn":"ADBE Vector Graphic - Fill","hd":false},{"ty":"tr","p":{"a":0,"k":[31.569,11.53],"ix":2},"a":{"a":0,"k":[0,0],"ix":1},"s":{"a":0,"k":[100,100],"ix":3},"r":{"a":0,"k":0,"ix":6},"o":{"a":0,"k":100,"ix":7},"sk":{"a":0,"k":0,"ix":4},"sa":{"a":0,"k":0,"ix":5},"nm":"Transform"}],"nm":"Group 8","np":6,"cix":2,"bm":0,"ix":8,"mn":"ADBE Vector Group","hd":false},{"ty":"gr","it":[{"ind":0,"ty":"sh","ix":1,"ks":{"a":0,"k":{"i":[[0,0],[0,0],[0,0],[0,0],[0,0],[0,0],[0,0],[0,0],[0,0],[0,0],[0,0],[0,0],[0,0]],"o":[[0,0],[0,0],[0,0],[0,0],[0,0],[0,0],[0,0],[0,0],[0,0],[0,0],[0,0],[0,0],[0,0]],"v":[[-13.529,-10.5],[-11.279,-10.5],[-6.48,7.89],[-1.111,-10.5],[1.23,-10.5],[6.449,7.89],[11.279,-10.5],[13.529,-10.5],[7.589,10.47],[5.249,10.47],[-0.029,-7.409],[-5.43,10.47],[-7.71,10.5]],"c":true},"ix":2},"nm":"Path 1","mn":"ADBE Vector Shape - Group","hd":false},{"ty":"fl","c":{"a":0,"k":[0.090000002992,0.169000004787,0.125,1],"ix":4},"o":{"a":0,"k":100,"ix":5},"r":1,"bm":0,"nm":"Fill 1","mn":"ADBE Vector Graphic - Fill","hd":false},{"ty":"tr","p":{"a":0,"k":[13.78,12.34],"ix":2},"a":{"a":0,"k":[0,0],"ix":1},"s":{"a":0,"k":[100,100],"ix":3},"r":{"a":0,"k":0,"ix":6},"o":{"a":0,"k":100,"ix":7},"sk":{"a":0,"k":0,"ix":4},"sa":{"a":0,"k":0,"ix":5},"nm":"Transform"}],"nm":"Group 9","np":2,"cix":2,"bm":0,"ix":9,"mn":"ADBE Vector Group","hd":false}],"ip":67,"op":120,"st":0,"bm":0},{"ddd":0,"ind":11,"ty":4,"nm":"Layer 9 Outlines 2","sr":1,"ks":{"o":{"a":1,"k":[{"i":{"x":[0.667],"y":[1]},"o":{"x":[0.333],"y":[0]},"t":67,"s":[0]},{"t":88,"s":[100]}],"ix":11},"r":{"a":0,"k":0,"ix":10},"p":{"a":0,"k":[377.546,724.449,0],"ix":2},"a":{"a":0,"k":[217.137,16.956,0],"ix":1},"s":{"a":0,"k":[100,100,100],"ix":6}},"ao":0,"shapes":[{"ty":"gr","it":[{"ind":0,"ty":"sh","ix":1,"ks":{"a":0,"k":{"i":[[0,0],[0,0],[0,0],[0,0],[0,0],[0,0],[0,0],[0,0],[0,0],[0,0],[0,0],[0,0],[0,0]],"o":[[0,0],[0,0],[0,0],[0,0],[0,0],[0,0],[0,0],[0,0],[0,0],[0,0],[0,0],[0,0],[0,0]],"v":[[-17.569,-16.682],[-11.665,-16.682],[0.047,9.482],[11.712,-16.682],[17.569,-16.682],[17.569,16.682],[12.096,16.682],[12.096,-6.167],[1.919,16.682],[-1.873,16.682],[-12.097,-6.167],[-12.097,16.682],[-17.569,16.682]],"c":true},"ix":2},"nm":"Path 1","mn":"ADBE Vector Shape - Group","hd":false},{"ty":"fl","c":{"a":0,"k":[0.090000002992,0.169000004787,0.125,1],"ix":4},"o":{"a":0,"k":100,"ix":5},"r":1,"bm":0,"nm":"Fill 1","mn":"ADBE Vector Graphic - Fill","hd":false},{"ty":"tr","p":{"a":0,"k":[416.455,16.98],"ix":2},"a":{"a":0,"k":[0,0],"ix":1},"s":{"a":0,"k":[100,100],"ix":3},"r":{"a":0,"k":0,"ix":6},"o":{"a":0,"k":100,"ix":7},"sk":{"a":0,"k":0,"ix":4},"sa":{"a":0,"k":0,"ix":5},"nm":"Transform"}],"nm":"Group 1","np":4,"cix":2,"bm":0,"ix":1,"mn":"ADBE Vector Group","hd":false},{"ty":"gr","it":[{"ind":0,"ty":"sh","ix":1,"ks":{"a":0,"k":{"i":[[0,0],[0,0],[0,0],[0,0],[0,0],[0,0],[0,0],[0,0],[0,0],[0,0],[0,0],[0,0]],"o":[[0,0],[0,0],[0,0],[0,0],[0,0],[0,0],[0,0],[0,0],[0,0],[0,0],[0,0],[0,0]],"v":[[9.217,-12.241],[-3.744,-12.241],[-3.744,-2.448],[7.777,-2.448],[7.777,2.016],[-3.744,2.016],[-3.744,12.24],[9.217,12.24],[9.217,16.706],[-9.217,16.706],[-9.217,-16.706],[9.217,-16.706]],"c":true},"ix":2},"nm":"Path 1","mn":"ADBE Vector Shape - Group","hd":false},{"ty":"fl","c":{"a":0,"k":[0.090000002992,0.169000004787,0.125,1],"ix":4},"o":{"a":0,"k":100,"ix":5},"r":1,"bm":0,"nm":"Fill 1","mn":"ADBE Vector Graphic - Fill","hd":false},{"ty":"tr","p":{"a":0,"k":[382.95,16.956],"ix":2},"a":{"a":0,"k":[0,0],"ix":1},"s":{"a":0,"k":[100,100],"ix":3},"r":{"a":0,"k":0,"ix":6},"o":{"a":0,"k":100,"ix":7},"sk":{"a":0,"k":0,"ix":4},"sa":{"a":0,"k":0,"ix":5},"nm":"Transform"}],"nm":"Group 2","np":4,"cix":2,"bm":0,"ix":2,"mn":"ADBE Vector Group","hd":false},{"ty":"gr","it":[{"ind":0,"ty":"sh","ix":1,"ks":{"a":0,"k":{"i":[[0,0],[0,0],[0,0],[0,0],[0,0],[0,0],[0,0],[0,0],[0,0],[0,0],[0,0],[0,0]],"o":[[0,0],[0,0],[0,0],[0,0],[0,0],[0,0],[0,0],[0,0],[0,0],[0,0],[0,0],[0,0]],"v":[[9.217,-12.241],[-3.744,-12.241],[-3.744,-2.448],[7.777,-2.448],[7.777,2.016],[-3.744,2.016],[-3.744,12.24],[9.217,12.24],[9.217,16.706],[-9.217,16.706],[-9.217,-16.706],[9.217,-16.706]],"c":true},"ix":2},"nm":"Path 1","mn":"ADBE Vector Shape - Group","hd":false},{"ty":"fl","c":{"a":0,"k":[0.090000002992,0.169000004787,0.125,1],"ix":4},"o":{"a":0,"k":100,"ix":5},"r":1,"bm":0,"nm":"Fill 1","mn":"ADBE Vector Graphic - Fill","hd":false},{"ty":"tr","p":{"a":0,"k":[357.799,16.956],"ix":2},"a":{"a":0,"k":[0,0],"ix":1},"s":{"a":0,"k":[100,100],"ix":3},"r":{"a":0,"k":0,"ix":6},"o":{"a":0,"k":100,"ix":7},"sk":{"a":0,"k":0,"ix":4},"sa":{"a":0,"k":0,"ix":5},"nm":"Transform"}],"nm":"Group 3","np":4,"cix":2,"bm":0,"ix":3,"mn":"ADBE Vector Group","hd":false},{"ty":"gr","it":[{"ind":0,"ty":"sh","ix":1,"ks":{"a":0,"k":{"i":[[4.272,0],[0,0],[0,0],[0,0],[0,3.312]],"o":[[0,0],[0,0],[0,0],[4.272,0],[0,-3.361]],"v":[[-0.408,-12.217],[-6.457,-12.217],[-6.457,-1.031],[-0.408,-1.031],[5.784,-6.695]],"c":true},"ix":2},"nm":"Path 1","mn":"ADBE Vector Shape - Group","hd":false},{"ind":1,"ty":"sh","ix":2,"ks":{"a":0,"k":{"i":[[0,0],[0,-5.425],[5.616,-1.392],[0,0],[0,0],[0,0],[0,0],[0,0],[0,0],[0,0]],"o":[[7.921,0],[0,3.936],[0,0],[0,0],[0,0],[0,0],[0,0],[0,0],[0,0],[0,0]],"v":[[-0.408,-16.681],[11.402,-6.695],[3.673,2.857],[11.929,16.681],[5.401,16.681],[-2.28,3.337],[-6.457,3.337],[-6.457,16.681],[-11.929,16.681],[-11.929,-16.681]],"c":true},"ix":2},"nm":"Path 2","mn":"ADBE Vector Shape - Group","hd":false},{"ty":"mm","mm":1,"nm":"Merge Paths 1","mn":"ADBE Vector Filter - Merge","hd":false},{"ty":"fl","c":{"a":0,"k":[0.090000002992,0.169000004787,0.125,1],"ix":4},"o":{"a":0,"k":100,"ix":5},"r":1,"bm":0,"nm":"Fill 1","mn":"ADBE Vector Graphic - Fill","hd":false},{"ty":"tr","p":{"a":0,"k":[330.175,16.979],"ix":2},"a":{"a":0,"k":[0,0],"ix":1},"s":{"a":0,"k":[100,100],"ix":3},"r":{"a":0,"k":0,"ix":6},"o":{"a":0,"k":100,"ix":7},"sk":{"a":0,"k":0,"ix":4},"sa":{"a":0,"k":0,"ix":5},"nm":"Transform"}],"nm":"Group 4","np":6,"cix":2,"bm":0,"ix":4,"mn":"ADBE Vector Group","hd":false},{"ty":"gr","it":[{"ind":0,"ty":"sh","ix":1,"ks":{"a":0,"k":{"i":[[0,0],[0,0],[0,0]],"o":[[0,0],[0,0],[0,0]],"v":[[0,-10.081],[-5.473,5.424],[5.424,5.424]],"c":true},"ix":2},"nm":"Path 1","mn":"ADBE Vector Shape - Group","hd":false},{"ind":1,"ty":"sh","ix":2,"ks":{"a":0,"k":{"i":[[0,0],[0,0],[0,0],[0,0],[0,0],[0,0],[0,0],[0,0]],"o":[[0,0],[0,0],[0,0],[0,0],[0,0],[0,0],[0,0],[0,0]],"v":[[6.96,9.89],[-7.01,9.89],[-9.409,16.706],[-15.121,16.706],[-3.169,-16.706],[3.168,-16.706],[15.121,16.706],[9.36,16.706]],"c":true},"ix":2},"nm":"Path 2","mn":"ADBE Vector Shape - Group","hd":false},{"ty":"mm","mm":1,"nm":"Merge Paths 1","mn":"ADBE Vector Filter - Merge","hd":false},{"ty":"fl","c":{"a":0,"k":[0.090000002992,0.169000004787,0.125,1],"ix":4},"o":{"a":0,"k":100,"ix":5},"r":1,"bm":0,"nm":"Fill 1","mn":"ADBE Vector Graphic - Fill","hd":false},{"ty":"tr","p":{"a":0,"k":[297.945,16.956],"ix":2},"a":{"a":0,"k":[0,0],"ix":1},"s":{"a":0,"k":[100,100],"ix":3},"r":{"a":0,"k":0,"ix":6},"o":{"a":0,"k":100,"ix":7},"sk":{"a":0,"k":0,"ix":4},"sa":{"a":0,"k":0,"ix":5},"nm":"Transform"}],"nm":"Group 5","np":6,"cix":2,"bm":0,"ix":5,"mn":"ADBE Vector Group","hd":false},{"ty":"gr","it":[{"ind":0,"ty":"sh","ix":1,"ks":{"a":0,"k":{"i":[[0,0],[0,0],[0,0],[0,0],[0,0],[0,0],[0,0],[0,0],[0,0],[0,0],[0,0]],"o":[[0,0],[0,0],[0,0],[0,0],[0,0],[0,0],[0,0],[0,0],[0,0],[0,0],[0,0]],"v":[[-7.296,1.752],[-7.296,16.682],[-12.769,16.682],[-12.769,-16.682],[-7.296,-16.682],[-7.296,-1.464],[5.665,-16.682],[12.529,-16.682],[-1.968,0.024],[12.769,16.682],[5.616,16.682]],"c":true},"ix":2},"nm":"Path 1","mn":"ADBE Vector Shape - Group","hd":false},{"ty":"fl","c":{"a":0,"k":[0.090000002992,0.169000004787,0.125,1],"ix":4},"o":{"a":0,"k":100,"ix":5},"r":1,"bm":0,"nm":"Fill 1","mn":"ADBE Vector Graphic - Fill","hd":false},{"ty":"tr","p":{"a":0,"k":[267.176,16.98],"ix":2},"a":{"a":0,"k":[0,0],"ix":1},"s":{"a":0,"k":[100,100],"ix":3},"r":{"a":0,"k":0,"ix":6},"o":{"a":0,"k":100,"ix":7},"sk":{"a":0,"k":0,"ix":4},"sa":{"a":0,"k":0,"ix":5},"nm":"Transform"}],"nm":"Group 6","np":4,"cix":2,"bm":0,"ix":6,"mn":"ADBE Vector Group","hd":false},{"ty":"gr","it":[{"ind":0,"ty":"sh","ix":1,"ks":{"a":0,"k":{"i":[[0,0],[0,0],[0,0],[0,0],[0,0],[0,0],[0,0],[0,0],[0,0],[0,0]],"o":[[0,0],[0,0],[0,0],[0,0],[0,0],[0,0],[0,0],[0,0],[0,0],[0,0]],"v":[[13.705,-16.706],[13.705,16.706],[8.232,16.706],[-8.232,-8.208],[-8.232,16.706],[-13.705,16.706],[-13.705,-16.706],[-8.232,-16.706],[8.232,8.161],[8.232,-16.706]],"c":true},"ix":2},"nm":"Path 1","mn":"ADBE Vector Shape - Group","hd":false},{"ty":"fl","c":{"a":0,"k":[0.090000002992,0.169000004787,0.125,1],"ix":4},"o":{"a":0,"k":100,"ix":5},"r":1,"bm":0,"nm":"Fill 1","mn":"ADBE Vector Graphic - Fill","hd":false},{"ty":"tr","p":{"a":0,"k":[221.025,16.956],"ix":2},"a":{"a":0,"k":[0,0],"ix":1},"s":{"a":0,"k":[100,100],"ix":3},"r":{"a":0,"k":0,"ix":6},"o":{"a":0,"k":100,"ix":7},"sk":{"a":0,"k":0,"ix":4},"sa":{"a":0,"k":0,"ix":5},"nm":"Transform"}],"nm":"Group 7","np":4,"cix":2,"bm":0,"ix":7,"mn":"ADBE Vector Group","hd":false},{"ty":"gr","it":[{"ind":0,"ty":"sh","ix":1,"ks":{"a":0,"k":{"i":[[0,0],[0,0],[0,0]],"o":[[0,0],[0,0],[0,0]],"v":[[0,-10.081],[-5.474,5.424],[5.423,5.424]],"c":true},"ix":2},"nm":"Path 1","mn":"ADBE Vector Shape - Group","hd":false},{"ind":1,"ty":"sh","ix":2,"ks":{"a":0,"k":{"i":[[0,0],[0,0],[0,0],[0,0],[0,0],[0,0],[0,0],[0,0]],"o":[[0,0],[0,0],[0,0],[0,0],[0,0],[0,0],[0,0],[0,0]],"v":[[6.96,9.89],[-7.009,9.89],[-9.41,16.706],[-15.121,16.706],[-3.169,-16.706],[3.168,-16.706],[15.121,16.706],[9.361,16.706]],"c":true},"ix":2},"nm":"Path 2","mn":"ADBE Vector Shape - Group","hd":false},{"ty":"mm","mm":1,"nm":"Merge Paths 1","mn":"ADBE Vector Filter - Merge","hd":false},{"ty":"fl","c":{"a":0,"k":[0.090000002992,0.169000004787,0.125,1],"ix":4},"o":{"a":0,"k":100,"ix":5},"r":1,"bm":0,"nm":"Fill 1","mn":"ADBE Vector Graphic - Fill","hd":false},{"ty":"tr","p":{"a":0,"k":[187.018,16.956],"ix":2},"a":{"a":0,"k":[0,0],"ix":1},"s":{"a":0,"k":[100,100],"ix":3},"r":{"a":0,"k":0,"ix":6},"o":{"a":0,"k":100,"ix":7},"sk":{"a":0,"k":0,"ix":4},"sa":{"a":0,"k":0,"ix":5},"nm":"Transform"}],"nm":"Group 8","np":6,"cix":2,"bm":0,"ix":8,"mn":"ADBE Vector Group","hd":false},{"ty":"gr","it":[{"ind":0,"ty":"sh","ix":1,"ks":{"a":0,"k":{"i":[[0,0],[0,7.585],[7.873,0],[0,0],[0,0]],"o":[[7.873,0],[0,-7.632],[0,0],[0,0],[0,0]],"v":[[-3.408,12.216],[8.688,0.119],[-3.408,-12.217],[-8.833,-12.217],[-8.833,12.216]],"c":true},"ix":2},"nm":"Path 1","mn":"ADBE Vector Shape - Group","hd":false},{"ind":1,"ty":"sh","ix":2,"ks":{"a":0,"k":{"i":[[0,-10.32],[10.705,0],[0,0],[0,0],[0,0]],"o":[[0,10.274],[0,0],[0,0],[0,0],[10.705,0]],"v":[[14.305,0.119],[-3.408,16.681],[-14.305,16.681],[-14.305,-16.681],[-3.408,-16.681]],"c":true},"ix":2},"nm":"Path 2","mn":"ADBE Vector Shape - Group","hd":false},{"ty":"mm","mm":1,"nm":"Merge Paths 1","mn":"ADBE Vector Filter - Merge","hd":false},{"ty":"fl","c":{"a":0,"k":[0.090000002992,0.169000004787,0.125,1],"ix":4},"o":{"a":0,"k":100,"ix":5},"r":1,"bm":0,"nm":"Fill 1","mn":"ADBE Vector Graphic - Fill","hd":false},{"ty":"tr","p":{"a":0,"k":[154.137,16.98],"ix":2},"a":{"a":0,"k":[0,0],"ix":1},"s":{"a":0,"k":[100,100],"ix":3},"r":{"a":0,"k":0,"ix":6},"o":{"a":0,"k":100,"ix":7},"sk":{"a":0,"k":0,"ix":4},"sa":{"a":0,"k":0,"ix":5},"nm":"Transform"}],"nm":"Group 9","np":6,"cix":2,"bm":0,"ix":9,"mn":"ADBE Vector Group","hd":false},{"ty":"gr","it":[{"ind":0,"ty":"sh","ix":1,"ks":{"a":0,"k":{"i":[[0,0],[0,0],[0,0]],"o":[[0,0],[0,0],[0,0]],"v":[[0,-10.081],[-5.473,5.424],[5.424,5.424]],"c":true},"ix":2},"nm":"Path 1","mn":"ADBE Vector Shape - Group","hd":false},{"ind":1,"ty":"sh","ix":2,"ks":{"a":0,"k":{"i":[[0,0],[0,0],[0,0],[0,0],[0,0],[0,0],[0,0],[0,0]],"o":[[0,0],[0,0],[0,0],[0,0],[0,0],[0,0],[0,0],[0,0]],"v":[[6.96,9.89],[-7.009,9.89],[-9.409,16.706],[-15.121,16.706],[-3.168,-16.706],[3.168,-16.706],[15.121,16.706],[9.361,16.706]],"c":true},"ix":2},"nm":"Path 2","mn":"ADBE Vector Shape - Group","hd":false},{"ty":"mm","mm":1,"nm":"Merge Paths 1","mn":"ADBE Vector Filter - Merge","hd":false},{"ty":"fl","c":{"a":0,"k":[0.090000002992,0.169000004787,0.125,1],"ix":4},"o":{"a":0,"k":100,"ix":5},"r":1,"bm":0,"nm":"Fill 1","mn":"ADBE Vector Graphic - Fill","hd":false},{"ty":"tr","p":{"a":0,"k":[119.53,16.956],"ix":2},"a":{"a":0,"k":[0,0],"ix":1},"s":{"a":0,"k":[100,100],"ix":3},"r":{"a":0,"k":0,"ix":6},"o":{"a":0,"k":100,"ix":7},"sk":{"a":0,"k":0,"ix":4},"sa":{"a":0,"k":0,"ix":5},"nm":"Transform"}],"nm":"Group 10","np":6,"cix":2,"bm":0,"ix":10,"mn":"ADBE Vector Group","hd":false},{"ty":"gr","it":[{"ind":0,"ty":"sh","ix":1,"ks":{"a":0,"k":{"i":[[0,0],[0,0],[0,0],[0,0],[0,0],[0,0],[0,0],[0,0],[0,0],[0,0],[0,0],[0,0],[0,0]],"o":[[0,0],[0,0],[0,0],[0,0],[0,0],[0,0],[0,0],[0,0],[0,0],[0,0],[0,0],[0,0],[0,0]],"v":[[-17.569,-16.682],[-11.664,-16.682],[0.049,9.482],[11.714,-16.682],[17.569,-16.682],[17.569,16.682],[12.098,16.682],[12.098,-6.167],[1.921,16.682],[-1.871,16.682],[-12.096,-6.167],[-12.096,16.682],[-17.569,16.682]],"c":true},"ix":2},"nm":"Path 1","mn":"ADBE Vector Shape - Group","hd":false},{"ty":"fl","c":{"a":0,"k":[0.090000002992,0.169000004787,0.125,1],"ix":4},"o":{"a":0,"k":100,"ix":5},"r":1,"bm":0,"nm":"Fill 1","mn":"ADBE Vector Graphic - Fill","hd":false},{"ty":"tr","p":{"a":0,"k":[81.61,16.98],"ix":2},"a":{"a":0,"k":[0,0],"ix":1},"s":{"a":0,"k":[100,100],"ix":3},"r":{"a":0,"k":0,"ix":6},"o":{"a":0,"k":100,"ix":7},"sk":{"a":0,"k":0,"ix":4},"sa":{"a":0,"k":0,"ix":5},"nm":"Transform"}],"nm":"Group 11","np":4,"cix":2,"bm":0,"ix":11,"mn":"ADBE Vector Group","hd":false},{"ty":"gr","it":[{"ind":0,"ty":"sh","ix":1,"ks":{"a":0,"k":{"i":[[0,0],[0,0],[0,0]],"o":[[0,0],[0,0],[0,0]],"v":[[0,-10.081],[-5.473,5.424],[5.424,5.424]],"c":true},"ix":2},"nm":"Path 1","mn":"ADBE Vector Shape - Group","hd":false},{"ind":1,"ty":"sh","ix":2,"ks":{"a":0,"k":{"i":[[0,0],[0,0],[0,0],[0,0],[0,0],[0,0],[0,0],[0,0]],"o":[[0,0],[0,0],[0,0],[0,0],[0,0],[0,0],[0,0],[0,0]],"v":[[6.96,9.89],[-7.009,9.89],[-9.409,16.706],[-15.121,16.706],[-3.168,-16.706],[3.168,-16.706],[15.121,16.706],[9.361,16.706]],"c":true},"ix":2},"nm":"Path 2","mn":"ADBE Vector Shape - Group","hd":false},{"ty":"mm","mm":1,"nm":"Merge Paths 1","mn":"ADBE Vector Filter - Merge","hd":false},{"ty":"fl","c":{"a":0,"k":[0.090000002992,0.169000004787,0.125,1],"ix":4},"o":{"a":0,"k":100,"ix":5},"r":1,"bm":0,"nm":"Fill 1","mn":"ADBE Vector Graphic - Fill","hd":false},{"ty":"tr","p":{"a":0,"k":[43.739,16.956],"ix":2},"a":{"a":0,"k":[0,0],"ix":1},"s":{"a":0,"k":[100,100],"ix":3},"r":{"a":0,"k":0,"ix":6},"o":{"a":0,"k":100,"ix":7},"sk":{"a":0,"k":0,"ix":4},"sa":{"a":0,"k":0,"ix":5},"nm":"Transform"}],"nm":"Group 12","np":6,"cix":2,"bm":0,"ix":12,"mn":"ADBE Vector Group","hd":false},{"ty":"gr","it":[{"ind":0,"ty":"sh","ix":1,"ks":{"a":0,"k":{"i":[[4.272,0],[0,0],[0,0],[0,0],[0,3.312]],"o":[[0,0],[0,0],[0,0],[4.272,0],[0,-3.361]],"v":[[-0.408,-12.217],[-6.456,-12.217],[-6.456,-1.031],[-0.408,-1.031],[5.785,-6.695]],"c":true},"ix":2},"nm":"Path 1","mn":"ADBE Vector Shape - Group","hd":false},{"ind":1,"ty":"sh","ix":2,"ks":{"a":0,"k":{"i":[[0,0],[0,-5.425],[5.616,-1.392],[0,0],[0,0],[0,0],[0,0],[0,0],[0,0],[0,0]],"o":[[7.921,0],[0,3.936],[0,0],[0,0],[0,0],[0,0],[0,0],[0,0],[0,0],[0,0]],"v":[[-0.408,-16.681],[11.401,-6.695],[3.673,2.857],[11.929,16.681],[5.401,16.681],[-2.28,3.337],[-6.456,3.337],[-6.456,16.681],[-11.929,16.681],[-11.929,-16.681]],"c":true},"ix":2},"nm":"Path 2","mn":"ADBE Vector Shape - Group","hd":false},{"ty":"mm","mm":1,"nm":"Merge Paths 1","mn":"ADBE Vector Filter - Merge","hd":false},{"ty":"fl","c":{"a":0,"k":[0.090000002992,0.169000004787,0.125,1],"ix":4},"o":{"a":0,"k":100,"ix":5},"r":1,"bm":0,"nm":"Fill 1","mn":"ADBE Vector Graphic - Fill","hd":false},{"ty":"tr","p":{"a":0,"k":[12.179,16.979],"ix":2},"a":{"a":0,"k":[0,0],"ix":1},"s":{"a":0,"k":[100,100],"ix":3},"r":{"a":0,"k":0,"ix":6},"o":{"a":0,"k":100,"ix":7},"sk":{"a":0,"k":0,"ix":4},"sa":{"a":0,"k":0,"ix":5},"nm":"Transform"}],"nm":"Group 13","np":6,"cix":2,"bm":0,"ix":13,"mn":"ADBE Vector Group","hd":false}],"ip":67,"op":120,"st":0,"bm":0},{"ddd":0,"ind":12,"ty":4,"nm":"Layer 8 Outlines","sr":1,"ks":{"o":{"a":1,"k":[{"i":{"x":[0.833],"y":[0.685]},"o":{"x":[0.167],"y":[0.315]},"t":0,"s":[0]},{"t":39.28125,"s":[100]}],"ix":11},"r":{"a":0,"k":0,"ix":10},"p":{"a":0,"k":[367.805,1151.201,0],"ix":2},"a":{"a":0,"k":[273.049,377.74,0],"ix":1},"s":{"a":1,"k":[{"i":{"x":[0.661,0.661,0.661],"y":[0.916,0.916,-7.679]},"o":{"x":[0.301,0.301,0.301],"y":[0,0,0]},"t":0,"s":[0,0,100]},{"i":{"x":[0.669,0.669,0.669],"y":[1,1,1]},"o":{"x":[0.336,0.336,0.336],"y":[3.551,3.551,8.352]},"t":39.281,"s":[92.883,92.883,100]},{"i":{"x":[0.667,0.667,0.667],"y":[1,1,1]},"o":{"x":[0.333,0.333,0.333],"y":[0,0,0]},"t":77.408,"s":[95,95,100]},{"t":119,"s":[100,100,100]}],"ix":6}},"ao":0,"shapes":[{"ty":"gr","it":[{"ind":0,"ty":"sh","ix":1,"ks":{"a":0,"k":{"i":[[0,0],[-0.028,-2.272],[-60.464,-36.338],[-32.175,-35.421],[-40.014,24.059],[-27.24,63.54],[-0.062,4.675],[-0.971,-0.053],[0,2.834],[1.041,-0.039],[-0.176,16.217],[-0.964,0],[0,2.836],[0.97,0.039],[-0.077,7.249],[0,0],[-0.038,1.341],[7.443,8.106],[0,0.354],[0,0],[0.747,0.448],[0,0.354],[0.793,0.254],[0.038,0.933],[0.038,0.278],[0.469,0.216],[0.039,0.586],[0.223,2.973],[0.3,-2.951],[0,-0.485],[0,-0.324],[-0.339,-0.115],[0.086,-0.94],[0,-0.47],[-0.369,-0.262],[0,-0.84],[0.038,-0.592],[-0.217,-0.277],[-11.98,-12.034],[0.038,-1.442],[-0.578,-0.063],[0.038,-7.178],[1.379,0.053],[0.038,-2.85],[-1.396,-0.014],[0.177,-16.262],[1.418,0],[0,-2.834],[-1.417,0],[0.077,-10.54],[8.397,0.061],[0.678,0],[21.764,21.486],[-0.039,0.825],[1.494,0.838],[-0.038,0.747],[1.532,0.546],[0.123,1.856],[-0.046,0.555],[0.747,0.278],[0.07,1.14],[0.416,5.777],[0.485,-5.77],[0.085,-1.117],[0,-0.532],[-0.632,-0.301],[0.192,-1.933],[-0.023,-0.863],[-0.832,-0.416],[0,-1.648],[0,0],[-32.541,-30.221],[0.686,-0.055],[15.716,0.077],[-0.039,2.519],[1.064,0],[34.409,33.373],[0,0],[2.323,1.341],[0,1.241],[2.207,0.671],[0.239,2.912],[0,0.847],[1.159,0.5],[0.197,1.81],[0.709,9.075],[0.751,-9.075],[0.159,-1.78],[0,-0.87],[-0.948,-0.416],[0.258,-3.005],[0,-1.378],[-1.337,-0.77],[0.039,-2.618],[0,-1.139],[-51.569,-46.985],[0.982,0.084],[0,0],[15.762,-0.139],[0.628,0.055],[22.017,21.071],[0,0],[1.456,0.785],[-0.058,0.755],[1.495,0.478],[0.139,1.833],[-0.043,0.554],[0.786,0.3],[0.076,1.117],[0.493,5.815],[0.512,-5.77],[0.076,-1.117],[0,-0.556],[-0.709,-0.278],[0.154,-1.91],[0,-0.862],[-0.8,-0.415],[0,-1.655],[0.019,-0.701],[-33.076,-29.745],[0.667,-0.023],[6.05,-0.039],[0.058,10.524],[-0.995,0],[0.02,2.866],[1.001,-0.023],[0.135,16.261],[-1.009,0.014],[0,2.919],[1.002,0],[0.023,7.241],[-0.597,0.054],[0,1.341],[0,0],[7.61,8.027],[0.02,0.355],[0,0.632],[0.709,0.369],[0,0.331],[0.671,0.161],[0.097,0.971],[-0.02,0.2],[0.34,0.208],[0,0.562],[0.204,2.913],[0.223,-2.92],[0,-0.569],[0,-0.331],[-0.312,-0.154],[0.058,-0.947],[0.042,-0.446],[-0.378,-0.278],[0,-0.84],[0,-0.592],[-0.165,-0.362],[-12.106,-11.772],[-0.02,-1.378],[-0.577,0.023],[-0.058,-7.21],[1.399,0],[0,-2.873],[-1.379,0],[-0.184,-16.223],[1.394,0],[-0.012,-0.87],[-0.663,-1.956]],"o":[[0.026,2.273],[25.988,68.287],[40.017,24.059],[32.186,-35.421],[58.271,-35.028],[0.061,-4.684],[1,0.053],[0.077,-2.85],[-0.955,0],[0.216,-16.27],[0.987,-0.038],[0.076,-2.873],[-0.963,-0.038],[0.046,-7.203],[0,0],[0,-1.333],[11.371,-11.155],[0.162,-0.392],[0,0],[0,-0.779],[0.515,-0.2],[0,-0.508],[-0.039,-0.925],[0.3,-0.123],[0,-0.324],[-0.039,-0.547],[-0.262,-2.951],[-0.278,2.912],[-0.039,0.586],[-0.493,0.216],[-0.039,0.216],[-0.101,0.971],[-0.623,0.177],[0,0.316],[-0.823,0.369],[0,0.631],[0,0.393],[-7.765,8.189],[0,1.332],[0.624,-0.063],[-0.039,7.179],[-1.418,0],[-0.039,2.912],[1.417,0.055],[-0.155,16.256],[-1.379,0],[-0.099,2.828],[1.379,0],[-0.123,10.57],[-8.397,-0.078],[-0.632,-0.023],[32.956,-29.567],[0,-0.848],[0,-1.54],[1.063,-0.455],[0,-1.024],[-0.123,-1.849],[0.617,-0.278],[0,-0.555],[-0.084,-1.101],[-0.4,-5.77],[-0.523,5.763],[-0.101,1.14],[-0.747,0.362],[0,0.554],[-0.154,1.911],[-1.125,0.47],[-0.023,0.678],[-1.656,0.864],[0,0],[-21.864,21.254],[-0.662,0.055],[-15.715,-0.139],[0,-2.481],[-1.049,0.084],[51.393,-46.731],[0,0],[0.039,-2.479],[1.594,-0.7],[0,-1.534],[-0.235,-2.903],[1.024,-0.462],[0,-0.809],[-0.12,-1.78],[-0.709,-9.075],[-0.743,9.075],[-0.12,1.81],[-1.22,0.5],[0,0.847],[-0.2,2.99],[-1.729,0.809],[0,1.101],[-2.578,1.264],[0,1.203],[-34.159,33.589],[-1.04,0],[0,0],[-15.743,0.077],[-0.67,-0.055],[32.383,-30.083],[0,0],[0,-1.533],[0.986,-0.471],[-0.058,-1.016],[-0.177,-1.849],[0.728,-0.301],[-0.043,-0.532],[-0.116,-1.117],[-0.532,-5.77],[-0.432,5.815],[-0.062,1.14],[-0.748,0.315],[0,0.493],[-0.158,1.934],[-1.105,0.471],[0,0.671],[-1.629,0.848],[0,0.741],[-21.555,21.647],[-0.659,0],[-6.051,0],[-0.17,-10.546],[0.97,0],[0,-2.836],[-1.001,0],[-0.208,-16.278],[0.975,0],[0,-2.92],[-1.002,0],[-0.058,-7.219],[0.563,0.054],[0,-1.341],[0,0],[11.274,-11.455],[0.234,-0.278],[0,-0.593],[0,-0.785],[0.501,-0.262],[0,-0.485],[-0.1,-0.94],[0.328,-0.107],[0,-0.316],[-0.038,-0.555],[-0.25,-2.92],[-0.289,2.974],[-0.061,0.624],[-0.44,0.139],[0,0.278],[-0.081,0.947],[-0.601,0.193],[0.042,0.339],[-0.81,0.346],[0.058,0.578],[0,0.355],[-7.592,8.305],[0,1.371],[0.581,0],[0.088,7.188],[-1.388,0.039],[0,2.874],[1.441,0],[0.208,16.255],[-1.417,0.047],[0.015,0.878],[0.608,2.011],[0,0]],"v":[[-255.927,-41.485],[-255.842,-34.66],[-111.45,104.856],[1.776,189.49],[115.006,104.856],[256.47,-27.379],[256.656,-41.407],[259.606,-41.354],[259.729,-49.951],[256.732,-49.951],[257.286,-98.709],[260.277,-98.709],[260.353,-107.283],[257.395,-107.36],[257.595,-128.968],[259.39,-128.968],[259.428,-133.021],[248.327,-160.447],[248.666,-161.509],[248.666,-163.304],[247.403,-165.246],[248.25,-166.232],[246.948,-167.411],[246.833,-170.208],[247.365,-170.831],[246.702,-171.563],[246.586,-173.273],[245.947,-182.132],[245.123,-173.273],[245.084,-171.625],[244.375,-170.831],[244.93,-170.246],[244.667,-167.334],[243.666,-166.232],[244.336,-165.323],[242.957,-163.381],[242.919,-161.587],[243.251,-160.608],[231.726,-133.375],[231.649,-129.261],[233.483,-129.261],[233.321,-107.661],[229.107,-107.714],[229.03,-99.117],[233.221,-99.048],[232.728,-50.29],[228.574,-50.298],[228.475,-41.762],[232.65,-41.747],[232.311,-10.091],[207.113,-10.346],[205.102,-10.369],[167.622,-79.718],[167.661,-82.254],[165.219,-86.089],[166.836,-88.001],[164.418,-90.365],[164.078,-95.873],[165.165,-97.214],[163.886,-98.547],[163.616,-101.967],[162.384,-119.324],[160.859,-101.967],[160.558,-98.631],[159.264,-97.252],[160.343,-95.912],[159.811,-90.165],[157.908,-88.085],[159.264,-86.329],[156.53,-82.338],[156.53,-80.134],[117.725,-11.186],[115.699,-11.131],[68.544,-11.424],[68.583,-18.943],[65.408,-18.943],[5.793,-127.312],[5.793,-131.327],[1.899,-137.312],[4.414,-140.378],[0.716,-143.923],[0.008,-152.712],[1.68,-154.761],[-0.304,-156.91],[-0.778,-162.257],[-2.905,-189.49],[-5.146,-162.257],[-5.501,-156.91],[-7.546,-154.761],[-5.932,-152.712],[-6.602,-143.706],[-9.514,-140.378],[-7.43,-137.505],[-11.675,-131.327],[-11.636,-127.829],[-71.826,-18.943],[-74.911,-18.943],[-74.911,-11.424],[-122.116,-11.131],[-124.062,-11.186],[-162.626,-79.796],[-162.626,-82.338],[-165.107,-86.112],[-163.532,-88.085],[-165.97,-90.365],[-166.425,-95.912],[-165.319,-97.252],[-166.64,-98.631],[-166.894,-101.967],[-168.412,-119.362],[-169.749,-101.967],[-169.983,-98.569],[-171.243,-97.152],[-170.103,-95.873],[-170.573,-90.127],[-172.426,-88.001],[-171.09,-86.252],[-173.743,-82.254],[-173.743,-80.057],[-211.538,-10.369],[-213.495,-10.346],[-231.648,-10.169],[-231.98,-41.824],[-228.99,-41.846],[-229.072,-50.382],[-232.088,-50.359],[-232.562,-99.131],[-229.553,-99.131],[-229.592,-107.798],[-232.65,-107.737],[-232.82,-129.4],[-230.99,-129.4],[-231.01,-133.453],[-231.048,-133.453],[-242.595,-160.685],[-242.284,-161.664],[-242.323,-163.459],[-243.532,-165.323],[-242.696,-166.371],[-243.925,-167.495],[-244.191,-170.331],[-243.651,-170.954],[-244.322,-171.694],[-244.483,-173.388],[-245.192,-182.21],[-245.92,-173.388],[-245.981,-171.625],[-246.69,-170.916],[-246.109,-170.284],[-246.317,-167.411],[-247.31,-166.294],[-246.609,-165.361],[-247.977,-163.381],[-247.919,-161.587],[-247.646,-160.523],[-258.693,-133.136],[-258.673,-129.046],[-256.844,-129.046],[-256.635,-107.437],[-260.858,-107.36],[-260.8,-98.786],[-256.586,-98.824],[-256.028,-50.075],[-260.253,-50.028],[-260.214,-47.417],[-258.284,-41.485]],"c":true},"ix":2},"nm":"Path 1","mn":"ADBE Vector Shape - Group","hd":false},{"ty":"fl","c":{"a":0,"k":[0.098039224744,0.737254917622,0.611764729023,1],"ix":4},"o":{"a":0,"k":100,"ix":5},"r":1,"bm":0,"nm":"Fill 1","mn":"ADBE Vector Graphic - Fill","hd":false},{"ty":"tr","p":{"a":0,"k":[271.049,189.74],"ix":2},"a":{"a":0,"k":[0,0],"ix":1},"s":{"a":0,"k":[100,100],"ix":3},"r":{"a":0,"k":0,"ix":6},"o":{"a":0,"k":100,"ix":7},"sk":{"a":0,"k":0,"ix":4},"sa":{"a":0,"k":0,"ix":5},"nm":"Transform"}],"nm":"Group 1","np":4,"cix":2,"bm":0,"ix":1,"mn":"ADBE Vector Group","hd":false}],"ip":0,"op":120,"st":0,"bm":0},{"ddd":0,"ind":13,"ty":3,"nm":"Null 1","sr":1,"ks":{"o":{"a":0,"k":0,"ix":11},"r":{"a":0,"k":0,"ix":10},"p":{"a":0,"k":[366,520,0],"ix":2},"a":{"a":0,"k":[0,0,0],"ix":1},"s":{"a":0,"k":[100,100,100],"ix":6}},"ao":0,"ip":0,"op":120,"st":0,"bm":0},{"ddd":0,"ind":14,"ty":4,"nm":"6","parent":13,"sr":1,"ks":{"o":{"a":1,"k":[{"i":{"x":[0.833],"y":[0.833]},"o":{"x":[0.167],"y":[0.167]},"t":80,"s":[0]},{"t":87,"s":[100]}],"ix":11},"r":{"a":0,"k":0,"ix":10},"p":{"a":0,"k":[181.987,29.946,0],"ix":2},"a":{"a":0,"k":[7.705,15.115,0],"ix":1},"s":{"a":0,"k":[101.642,101.642,100],"ix":6}},"ao":0,"shapes":[{"ty":"gr","it":[{"ind":0,"ty":"sh","ix":1,"ks":{"a":0,"k":{"i":[[0,0],[-0.459,-0.396],[-0.72,0],[-0.458,0.397],[0,0.603],[0,0],[0.457,0.397],[0.719,0],[0.457,-0.397],[0,-0.602]],"o":[[0,0.603],[0.457,0.397],[0.719,0],[0.457,-0.396],[0,0],[0,-0.602],[-0.458,-0.397],[-0.72,0],[-0.459,0.397],[0,0]],"v":[[-2.452,8.582],[-1.765,10.082],[0,10.678],[1.766,10.082],[2.452,8.582],[2.452,-8.582],[1.766,-10.081],[0,-10.677],[-1.765,-10.081],[-2.452,-8.582]],"c":true},"ix":2},"nm":"Path 1","mn":"ADBE Vector Shape - Group","hd":false},{"ind":1,"ty":"sh","ix":2,"ks":{"a":0,"k":{"i":[[0,0],[-0.409,0.767],[-0.687,0.548],[-0.9,0.288],[-0.981,0],[-0.9,-0.288],[-0.687,-0.547],[-0.409,-0.767],[0,-0.985],[0,0],[0.408,-0.767],[0.687,-0.547],[0.899,-0.289],[0.981,0],[0.898,0.287],[0.686,0.547],[0.41,0.767],[0,0.986]],"o":[[0,-0.985],[0.41,-0.767],[0.686,-0.547],[0.898,-0.288],[0.981,0],[0.899,0.288],[0.687,0.548],[0.408,0.767],[0,0],[0,0.986],[-0.409,0.767],[-0.687,0.547],[-0.9,0.287],[-0.981,0],[-0.9,-0.289],[-0.687,-0.547],[-0.409,-0.767],[0,0]],"v":[[-7.455,-8.582],[-6.843,-11.21],[-5.199,-13.182],[-2.82,-14.434],[0,-14.866],[2.82,-14.434],[5.199,-13.182],[6.842,-11.21],[7.455,-8.582],[7.455,8.582],[6.842,11.212],[5.199,13.183],[2.82,14.436],[0,14.866],[-2.82,14.436],[-5.199,13.183],[-6.843,11.212],[-7.455,8.582]],"c":true},"ix":2},"nm":"Path 2","mn":"ADBE Vector Shape - Group","hd":false},{"ty":"fl","c":{"a":0,"k":[0.090000003576,0.168999999762,0.125,1],"ix":4},"o":{"a":0,"k":100,"ix":5},"r":1,"bm":0,"nm":"Fill 1","mn":"ADBE Vector Graphic - Fill","hd":false},{"ty":"tr","p":{"a":0,"k":[7.705,15.115],"ix":2},"a":{"a":0,"k":[0,0],"ix":1},"s":{"a":0,"k":[100,100],"ix":3},"r":{"a":0,"k":0,"ix":6},"o":{"a":0,"k":100,"ix":7},"sk":{"a":0,"k":0,"ix":4},"sa":{"a":0,"k":0,"ix":5},"nm":"Transform"}],"nm":"Group 1","np":3,"cix":2,"bm":0,"ix":1,"mn":"ADBE Vector Group","hd":false}],"ip":69,"op":120,"st":-71,"bm":0},{"ddd":0,"ind":15,"ty":4,"nm":". 3","parent":13,"sr":1,"ks":{"o":{"a":1,"k":[{"i":{"x":[0.833],"y":[0.833]},"o":{"x":[0.167],"y":[0.167]},"t":80,"s":[0]},{"t":87,"s":[100]}],"ix":11},"r":{"a":0,"k":0,"ix":10},"p":{"a":0,"k":[168.077,42.677,0],"ix":2},"a":{"a":0,"k":[2.751,2.344,0],"ix":1},"s":{"a":1,"k":[{"i":{"x":[0.833,0.833,0.833],"y":[0.833,0.833,1]},"o":{"x":[0.333,0.333,0.333],"y":[0,0,0]},"t":81,"s":[346,346,100]},{"i":{"x":[0.667,0.667,0.667],"y":[1,1,1]},"o":{"x":[0.333,0.333,0.333],"y":[0,0,0]},"t":94,"s":[100,100,100]},{"i":{"x":[0.667,0.667,0.667],"y":[1,1,1]},"o":{"x":[0.333,0.333,0.333],"y":[0,0,0]},"t":98.5,"s":[113,113,100]},{"t":103,"s":[100,100,100]}],"ix":6}},"ao":0,"shapes":[{"ty":"gr","it":[{"ind":0,"ty":"sh","ix":1,"ks":{"a":0,"k":{"i":[[0,0],[0,0],[0,0],[0,0]],"o":[[0,0],[0,0],[0,0],[0,0]],"v":[[-2.501,-2.094],[2.501,-2.094],[2.501,2.094],[-2.501,2.094]],"c":true},"ix":2},"nm":"Path 1","mn":"ADBE Vector Shape - Group","hd":false},{"ty":"fl","c":{"a":0,"k":[0.090000003576,0.168999999762,0.125,1],"ix":4},"o":{"a":0,"k":100,"ix":5},"r":1,"bm":0,"nm":"Fill 1","mn":"ADBE Vector Graphic - Fill","hd":false},{"ty":"tr","p":{"a":0,"k":[2.751,2.344],"ix":2},"a":{"a":0,"k":[0,0],"ix":1},"s":{"a":0,"k":[100,100],"ix":3},"r":{"a":0,"k":0,"ix":6},"o":{"a":0,"k":100,"ix":7},"sk":{"a":0,"k":0,"ix":4},"sa":{"a":0,"k":0,"ix":5},"nm":"Transform"}],"nm":"Group 1","np":2,"cix":2,"bm":0,"ix":1,"mn":"ADBE Vector Group","hd":false}],"ip":69,"op":120,"st":-71,"bm":0},{"ddd":0,"ind":16,"ty":4,"nm":"5","parent":13,"sr":1,"ks":{"o":{"a":1,"k":[{"i":{"x":[0.833],"y":[0.833]},"o":{"x":[0.167],"y":[0.167]},"t":80,"s":[0]},{"t":87,"s":[100]}],"ix":11},"r":{"a":0,"k":0,"ix":10},"p":{"a":0,"k":[154.169,29.821,0],"ix":2},"a":{"a":0,"k":[7.705,14.993,0],"ix":1},"s":{"a":0,"k":[101.642,101.642,100],"ix":6}},"ao":0,"shapes":[{"ty":"gr","it":[{"ind":0,"ty":"sh","ix":1,"ks":{"a":0,"k":{"i":[[0,0],[0,0],[0,0],[-0.066,0.535],[0,0.795],[0.015,0.398],[0.163,0.301],[0.327,0.205],[0.62,0],[0.441,-0.355],[0,-0.685],[0,0],[0,0],[0,0],[-0.392,0.767],[-0.686,0.576],[-0.915,0.343],[-1.047,0],[-0.931,-0.396],[-0.621,-0.684],[-0.278,-0.876],[0,-0.985],[0.033,-0.478],[0.098,-0.437],[0.228,-0.438],[0.393,-0.63],[0,0],[0,0],[0,0]],"o":[[0,0],[0,0],[0.457,-0.711],[0.065,-0.534],[0,-0.355],[-0.017,-0.396],[-0.164,-0.301],[-0.327,-0.206],[-0.753,0],[-0.441,0.357],[0,0],[0,0],[0,0],[0,-0.876],[0.392,-0.767],[0.653,-0.574],[0.915,-0.342],[1.308,0],[0.933,0.397],[0.589,0.685],[0.278,0.876],[0,0.713],[-0.033,0.48],[-0.099,0.439],[-0.229,0.438],[0,0],[0,0],[0,0],[0,0]],"v":[[-7.455,14.742],[-7.455,10.801],[1.569,-3.449],[2.354,-5.318],[2.452,-7.31],[2.428,-8.439],[2.158,-9.486],[1.422,-10.245],[0,-10.555],[-1.79,-10.021],[-2.452,-8.459],[-2.452,-6.077],[-7.455,-6.077],[-7.455,-8.378],[-6.867,-10.841],[-5.248,-12.854],[-2.894,-14.229],[0.049,-14.742],[3.408,-14.147],[5.738,-12.525],[7.038,-10.184],[7.455,-7.392],[7.406,-5.607],[7.21,-4.23],[6.719,-2.915],[5.787,-1.314],[-1.569,10.555],[7.455,10.555],[7.455,14.742]],"c":true},"ix":2},"nm":"Path 1","mn":"ADBE Vector Shape - Group","hd":false},{"ty":"fl","c":{"a":0,"k":[0.090000003576,0.168999999762,0.125,1],"ix":4},"o":{"a":0,"k":100,"ix":5},"r":1,"bm":0,"nm":"Fill 1","mn":"ADBE Vector Graphic - Fill","hd":false},{"ty":"tr","p":{"a":0,"k":[7.705,14.992],"ix":2},"a":{"a":0,"k":[0,0],"ix":1},"s":{"a":0,"k":[100,100],"ix":3},"r":{"a":0,"k":0,"ix":6},"o":{"a":0,"k":100,"ix":7},"sk":{"a":0,"k":0,"ix":4},"sa":{"a":0,"k":0,"ix":5},"nm":"Transform"}],"nm":"Group 1","np":2,"cix":2,"bm":0,"ix":1,"mn":"ADBE Vector Group","hd":false}],"ip":69,"op":120,"st":-71,"bm":0},{"ddd":0,"ind":17,"ty":4,"nm":"stetescope Outlines","parent":13,"sr":1,"ks":{"o":{"a":1,"k":[{"i":{"x":[0.833],"y":[0.833]},"o":{"x":[0.167],"y":[0.167]},"t":0,"s":[0]},{"t":18,"s":[100]}],"ix":11},"r":{"a":1,"k":[{"i":{"x":[0.667],"y":[1]},"o":{"x":[0.333],"y":[0]},"t":18,"s":[90]},{"t":62,"s":[0]}],"ix":10},"p":{"a":0,"k":[22.359,25.435,0],"ix":2},"a":{"a":0,"k":[168.774,73.057,0],"ix":1},"s":{"a":1,"k":[{"i":{"x":[0.667,0.667,0.667],"y":[1,1,1]},"o":{"x":[0.167,0.167,0.167],"y":[0,0,0]},"t":0,"s":[137,137,100]},{"t":62,"s":[100,100,100]}],"ix":6}},"ao":0,"shapes":[{"ty":"gr","it":[{"ind":0,"ty":"sh","ix":1,"ks":{"a":0,"k":{"i":[[-0.009,5.1],[5.042,-0.023],[0.016,-4.933],[-5.14,-0.045]],"o":[[0.008,-5.086],[-4.995,0.022],[-0.015,5.182],[5.062,0.044]],"v":[[155.535,-44.455],[146.321,-53.723],[137.107,-44.611],[146.292,-35.24]],"c":true},"ix":2},"nm":"Path 1","mn":"ADBE Vector Shape - Group","hd":false},{"ind":1,"ty":"sh","ix":2,"ks":{"a":0,"k":{"i":[[0,0],[0.138,-0.635],[1.701,-2.455],[8.434,0.576],[3.873,5.015],[-1.1,6.578],[0.52,0.268],[5.962,0.174],[5.818,-1.824],[6.104,-9.956],[1.605,-5.427],[0.787,-6.01],[12.423,-13.165],[13.627,-3.222],[15.602,7.753],[7.252,12.547],[0.275,0.474],[1.574,-2.209],[10.951,-5.287],[9.83,-0.928],[6.614,-0.05],[1.577,-0.024],[-0.001,0.455],[0.022,5.747],[-0.415,-0.001],[-3.775,-0.023],[-7.301,2.099],[-4.125,2.295],[-1.985,1.528],[-1.774,1.923],[-2.007,3.728],[-0.842,2.757],[-0.347,2.367],[-0.115,1.452],[0.035,1.455],[0.139,1.732],[0.873,3.677],[0.74,2.027],[1.666,2.903],[1.941,2.21],[1.302,1.114],[1.585,1.182],[1.496,0.868],[3.207,0.928],[2.503,0.365],[2.284,0.197],[7.574,0.118],[-0.005,0.789],[0.035,5.495],[-0.685,-0.003],[-6.226,-0.045],[-4.069,-0.517],[-5.068,-1.713],[-5.961,-4.485],[-4.068,-6.897],[-0.991,-1.764],[-0.721,-1.541],[-0.797,-4.744],[-0.378,-2.855],[-0.187,-2.213],[-0.026,-0.436],[-4.137,-7.683],[-20.638,-1.11],[-7.869,3.892],[-5.38,13.091],[-0.283,6.806],[0.002,0.012],[0.015,0.045],[-0.009,0.161],[-0.526,3.273],[-0.775,3.184],[-2.358,4.394],[-0.291,0.544],[-13.815,5.932],[-9.081,0.329],[-7.318,-2.093],[-3.715,-1.666],[-0.516,0.273],[-3.082,-14.696],[-0.283,-0.643]],"o":[[-0.38,0.579],[-0.635,2.923],[-4.88,7.043],[-6.313,-0.431],[-4.029,-5.216],[0.107,-0.636],[-5.319,-2.74],[-6.054,-0.175],[-11.121,3.486],[-2.966,4.836],[-1.718,5.813],[-2.34,17.877],[-9.598,10.17],[-16.938,4.005],[-12.975,-6.447],[-0.222,-0.383],[-1.368,2.453],[-7.087,9.94],[-8.915,4.304],[-6.605,0.624],[-1.578,0.012],[-0.432,0.007],[0.014,-5.748],[-0.002,-0.551],[3.775,0.01],[7.589,0.046],[4.546,-1.307],[2.177,-1.21],[2.082,-1.6],[2.862,-3.102],[1.367,-2.539],[0.693,-2.271],[0.213,-1.444],[0.114,-1.432],[-0.041,-1.737],[-0.3,-3.76],[-0.498,-2.097],[-1.148,-3.145],[-1.479,-2.575],[-1.113,-1.269],[-1.505,-1.287],[-1.401,-1.046],[-2.874,-1.668],[-2.411,-0.699],[-2.266,-0.33],[-7.571,-0.652],[-0.837,-0.012],[0.038,-5.494],[-0.005,-0.723],[6.226,0.028],[4.099,0.03],[5.298,0.674],[7.043,2.38],[6.411,4.823],[1.027,1.743],[0.591,1.603],[2.049,4.388],[0.478,2.843],[0.291,2.2],[-0.257,0.455],[0.521,8.69],[9.751,18.111],[8.743,0.471],[12.767,-6.317],[2.585,-6.291],[0.022,-0.014],[-0.007,-0.046],[0.009,-0.163],[0.302,-3.3],[0.52,-3.24],[1.172,-4.811],[0.429,-0.451],[7.133,-13.316],[8.375,-3.596],[7.593,-0.274],[3.925,1.123],[0.504,0.226],[13.253,-7.035],[0.14,0.672],[0,0]],"v":[[168.524,-41.748],[168.067,-39.845],[164.572,-31.78],[144.435,-22.198],[128.989,-30.472],[124.445,-48.224],[123.87,-49.359],[106.926,-53.594],[89.064,-51.562],[63.083,-31.509],[56.608,-15.93],[53.016,1.82],[31.264,48.661],[-3.673,68.802],[-52.581,63.263],[-82.855,34.631],[-83.576,33.39],[-87.945,40.355],[-115.206,62.932],[-143.361,70.555],[-163.196,71.019],[-167.929,71.03],[-168.508,70.472],[-168.512,53.229],[-167.858,52.669],[-156.532,52.679],[-134.192,49.67],[-121.171,44.282],[-114.938,40.142],[-109.066,34.939],[-101.723,24.706],[-98.321,16.792],[-96.682,9.862],[-96.064,5.52],[-95.844,1.201],[-95.879,-4.02],[-97.623,-15.179],[-99.349,-21.397],[-103.674,-30.407],[-108.859,-37.55],[-112.522,-41.113],[-117.188,-44.761],[-121.572,-47.583],[-130.665,-51.605],[-138.003,-53.295],[-144.808,-54.121],[-167.532,-54.431],[-168.519,-55.451],[-168.518,-71.934],[-167.637,-72.79],[-148.958,-72.762],[-136.696,-71.981],[-121.131,-68.467],[-101.524,-58.382],[-85.868,-40.747],[-82.889,-35.458],[-80.737,-30.821],[-76.748,-17.08],[-75.436,-8.535],[-74.854,-1.898],[-74.737,-0.601],[-68.089,24.106],[-22.587,53.262],[2.409,48.082],[29.365,18.678],[33.653,-0.988],[33.714,-1.033],[33.672,-1.167],[33.699,-1.653],[34.798,-11.528],[36.766,-21.165],[41.754,-35.094],[42.756,-36.635],[74.398,-65.265],[100.631,-70.869],[123.001,-68.303],[134.405,-63.976],[135.803,-64.022],[168.13,-48.839],[168.524,-46.82]],"c":true},"ix":2},"nm":"Path 2","mn":"ADBE Vector Shape - Group","hd":false},{"ty":"fl","c":{"a":0,"k":[0.090000003576,0.168999999762,0.125,1],"ix":4},"o":{"a":0,"k":100,"ix":5},"r":1,"bm":0,"nm":"Fill 1","mn":"ADBE Vector Graphic - Fill","hd":false},{"ty":"tr","p":{"a":0,"k":[168.774,73.057],"ix":2},"a":{"a":0,"k":[0,0],"ix":1},"s":{"a":0,"k":[100,100],"ix":3},"r":{"a":0,"k":0,"ix":6},"o":{"a":0,"k":100,"ix":7},"sk":{"a":0,"k":0,"ix":4},"sa":{"a":0,"k":0,"ix":5},"nm":"Transform"}],"nm":"Group 1","np":3,"cix":2,"bm":0,"ix":1,"mn":"ADBE Vector Group","hd":false}],"ip":0,"op":120,"st":0,"bm":0},{"ddd":0,"ind":18,"ty":4,"nm":"h 2","parent":13,"sr":1,"ks":{"o":{"a":1,"k":[{"i":{"x":[0.833],"y":[0.833]},"o":{"x":[0.167],"y":[0.167]},"t":63,"s":[0]},{"t":76,"s":[100]}],"ix":11},"r":{"a":0,"k":0,"ix":10},"p":{"a":0,"k":[-172.703,-77.303,0],"ix":2},"a":{"a":0,"k":[17.836,19.645,0],"ix":1},"s":{"a":0,"k":[100,100,100],"ix":6}},"ao":0,"shapes":[{"ty":"gr","it":[{"ind":0,"ty":"sh","ix":1,"ks":{"a":0,"k":{"i":[[2.551,-4.627],[-0.237,-1.008],[0.593,0.119],[1.245,-0.06],[1.957,-4.449],[0.357,0.535],[-1.187,3.618],[-1.187,2.431],[2.788,0],[1.72,-3.974],[0.357,0.534],[-1.008,3.618],[-1.186,2.669],[0.237,0.475],[-1.009,-0.06],[-0.771,0],[-2.431,3.439],[-0.356,-0.652],[2.194,-4.21],[2.61,-4.923],[-3.914,0.238],[-2.372,3.143],[-0.355,-0.771],[2.49,-4.449]],"o":[[1.364,0.593],[0.119,0.475],[-0.949,-0.178],[-2.017,3.855],[-0.237,0.593],[-0.83,-1.186],[0.415,-1.186],[-4.33,0.533],[-1.838,3.677],[-0.237,0.592],[-0.889,-1.245],[0.356,-1.246],[-1.304,-0.593],[-0.356,-0.712],[0.89,0.059],[3.796,-7.888],[0.535,-0.712],[0.89,1.661],[-1.72,3.322],[4.092,-0.534],[3.855,-7.65],[0.593,-0.772],[0.832,1.72],[-1.781,3.202]],"v":[[8.273,2.195],[10.586,4.804],[9.934,5.457],[6.613,5.279],[0.563,17.853],[-0.446,17.971],[-0.623,11.447],[1.868,5.754],[-9.817,7.058],[-15.214,18.624],[-16.282,18.861],[-16.578,12.337],[-14.028,6.287],[-16.044,4.389],[-15.273,3.5],[-12.782,3.677],[-1.039,-17.911],[0.385,-17.853],[-1.098,-9.075],[-7.859,3.381],[3.825,1.601],[15.272,-18.623],[16.754,-18.564],[14.917,-9.608]],"c":true},"ix":2},"nm":"Path 1","mn":"ADBE Vector Shape - Group","hd":false},{"ty":"fl","c":{"a":0,"k":[0.090000003576,0.168999999762,0.125,1],"ix":4},"o":{"a":0,"k":100,"ix":5},"r":1,"bm":0,"nm":"Fill 1","mn":"ADBE Vector Graphic - Fill","hd":false},{"ty":"tr","p":{"a":0,"k":[17.836,19.645],"ix":2},"a":{"a":0,"k":[0,0],"ix":1},"s":{"a":0,"k":[100,100],"ix":3},"r":{"a":0,"k":0,"ix":6},"o":{"a":0,"k":100,"ix":7},"sk":{"a":0,"k":0,"ix":4},"sa":{"a":0,"k":0,"ix":5},"nm":"Transform"}],"nm":"Group 1","np":2,"cix":2,"bm":0,"ix":1,"mn":"ADBE Vector Group","hd":false}],"ip":62,"op":120,"st":48,"bm":0},{"ddd":0,"ind":19,"ty":4,"nm":"e 2","parent":13,"sr":1,"ks":{"o":{"a":1,"k":[{"i":{"x":[0.833],"y":[0.833]},"o":{"x":[0.167],"y":[0.167]},"t":63,"s":[0]},{"t":76,"s":[100]}],"ix":11},"r":{"a":0,"k":0,"ix":10},"p":{"a":0,"k":[-152.271,-71.164,0],"ix":2},"a":{"a":0,"k":[11.757,13.15,0],"ix":1},"s":{"a":0,"k":[100,100,100],"ix":6}},"ao":0,"shapes":[{"ty":"gr","it":[{"ind":0,"ty":"sh","ix":1,"ks":{"a":0,"k":{"i":[[-1.72,2.253],[0.83,0.654],[2.787,-5.635],[0.119,-0.296]],"o":[[1.898,-2.491],[-1.246,-1.007],[-0.178,0.356],[2.907,1.839]],"v":[[3.381,-2.58],[5.753,-8.808],[-3.202,-0.622],[-3.678,0.385]],"c":true},"ix":2},"nm":"Path 1","mn":"ADBE Vector Shape - Group","hd":false},{"ind":1,"ty":"sh","ix":2,"ks":{"a":0,"k":{"i":[[-3.143,-0.178],[-2.55,3.915],[-0.238,-0.534],[1.068,-1.542],[4.566,-0.059],[-3.856,7.65],[-2.966,-1.719],[-0.948,-1.304],[2.492,-3.025],[4.153,3.38]],"o":[[4.923,0.237],[0.297,-0.475],[0.237,0.475],[-2.49,3.618],[-7.533,0.118],[3.854,-7.651],[1.482,0.89],[1.068,1.424],[-2.906,3.558],[-1.897,5.457]],"v":[[-1.542,11.062],[10.26,2.64],[11.27,2.698],[10.26,6.375],[-1.363,12.781],[-7.65,-2.164],[5.219,-11.18],[8.719,-8.096],[6.82,-0.029],[-4.212,1.69]],"c":true},"ix":2},"nm":"Path 2","mn":"ADBE Vector Shape - Group","hd":false},{"ty":"fl","c":{"a":0,"k":[0.090000003576,0.168999999762,0.125,1],"ix":4},"o":{"a":0,"k":100,"ix":5},"r":1,"bm":0,"nm":"Fill 1","mn":"ADBE Vector Graphic - Fill","hd":false},{"ty":"tr","p":{"a":0,"k":[11.756,13.15],"ix":2},"a":{"a":0,"k":[0,0],"ix":1},"s":{"a":0,"k":[100,100],"ix":3},"r":{"a":0,"k":0,"ix":6},"o":{"a":0,"k":100,"ix":7},"sk":{"a":0,"k":0,"ix":4},"sa":{"a":0,"k":0,"ix":5},"nm":"Transform"}],"nm":"Group 1","np":3,"cix":2,"bm":0,"ix":1,"mn":"ADBE Vector Group","hd":false}],"ip":62,"op":120,"st":48,"bm":0},{"ddd":0,"ind":20,"ty":4,"nm":"l 3","parent":13,"sr":1,"ks":{"o":{"a":1,"k":[{"i":{"x":[0.833],"y":[0.833]},"o":{"x":[0.167],"y":[0.167]},"t":63,"s":[0]},{"t":76,"s":[100]}],"ix":11},"r":{"a":0,"k":0,"ix":10},"p":{"a":0,"k":[-133.172,-77.391,0],"ix":2},"a":{"a":0,"k":[10.749,19.2,0],"ix":1},"s":{"a":0,"k":[100,100,100],"ix":6}},"ao":0,"shapes":[{"ty":"gr","it":[{"ind":0,"ty":"sh","ix":1,"ks":{"a":0,"k":{"i":[[0.771,0.475],[4.092,-7.592],[0.415,-0.949]],"o":[[-0.771,-0.475],[-0.534,0.949],[8.126,-6.584]],"v":[[7.77,-12.9],[-1.483,0.8],[-2.907,3.648]],"c":true},"ix":2},"nm":"Path 1","mn":"ADBE Vector Shape - Group","hd":false},{"ind":1,"ty":"sh","ix":2,"ks":{"a":0,"k":{"i":[[-2.669,-0.237],[-2.314,4.567],[-0.238,-0.83],[0.652,-1.423],[4.745,0.119],[-1.365,6.406],[-6.05,6.287],[-0.83,-0.771],[0.712,-2.787],[5.278,-3.44]],"o":[[2.848,0.238],[0.415,-0.771],[0.295,0.949],[-0.83,1.78],[-4.093,-0.119],[2.194,-10.32],[0.889,-0.95],[1.72,1.542],[-1.839,7.295],[-2.373,5.812]],"v":[[-4.331,17.17],[4.983,8.57],[6.288,8.57],[5.694,12.247],[-4.211,18.831],[-9.133,9.46],[5.873,-17.882],[8.422,-18.179],[9.787,-11.655],[-3.974,6.198]],"c":true},"ix":2},"nm":"Path 2","mn":"ADBE Vector Shape - Group","hd":false},{"ty":"fl","c":{"a":0,"k":[0.090000003576,0.168999999762,0.125,1],"ix":4},"o":{"a":0,"k":100,"ix":5},"r":1,"bm":0,"nm":"Fill 1","mn":"ADBE Vector Graphic - Fill","hd":false},{"ty":"tr","p":{"a":0,"k":[10.748,19.2],"ix":2},"a":{"a":0,"k":[0,0],"ix":1},"s":{"a":0,"k":[100,100],"ix":3},"r":{"a":0,"k":0,"ix":6},"o":{"a":0,"k":100,"ix":7},"sk":{"a":0,"k":0,"ix":4},"sa":{"a":0,"k":0,"ix":5},"nm":"Transform"}],"nm":"Group 1","np":3,"cix":2,"bm":0,"ix":1,"mn":"ADBE Vector Group","hd":false}],"ip":62,"op":120,"st":48,"bm":0},{"ddd":0,"ind":21,"ty":4,"nm":"l 2","parent":13,"sr":1,"ks":{"o":{"a":1,"k":[{"i":{"x":[0.833],"y":[0.833]},"o":{"x":[0.167],"y":[0.167]},"t":63,"s":[0]},{"t":76,"s":[100]}],"ix":11},"r":{"a":0,"k":0,"ix":10},"p":{"a":0,"k":[-119.531,-77.391,0],"ix":2},"a":{"a":0,"k":[10.749,19.2,0],"ix":1},"s":{"a":0,"k":[100,100,100],"ix":6}},"ao":0,"shapes":[{"ty":"gr","it":[{"ind":0,"ty":"sh","ix":1,"ks":{"a":0,"k":{"i":[[0.771,0.475],[4.092,-7.592],[0.415,-0.949]],"o":[[-0.771,-0.475],[-0.534,0.949],[8.126,-6.584]],"v":[[7.77,-12.9],[-1.482,0.8],[-2.906,3.648]],"c":true},"ix":2},"nm":"Path 1","mn":"ADBE Vector Shape - Group","hd":false},{"ind":1,"ty":"sh","ix":2,"ks":{"a":0,"k":{"i":[[-2.669,-0.237],[-2.314,4.567],[-0.238,-0.83],[0.652,-1.423],[4.745,0.119],[-1.365,6.406],[-6.05,6.287],[-0.83,-0.771],[0.712,-2.787],[5.278,-3.44]],"o":[[2.848,0.238],[0.415,-0.771],[0.295,0.949],[-0.83,1.78],[-4.093,-0.119],[2.194,-10.32],[0.889,-0.95],[1.72,1.542],[-1.839,7.295],[-2.373,5.812]],"v":[[-4.33,17.17],[4.983,8.57],[6.288,8.57],[5.694,12.247],[-4.21,18.831],[-9.133,9.46],[5.873,-17.882],[8.422,-18.179],[9.787,-11.655],[-3.973,6.198]],"c":true},"ix":2},"nm":"Path 2","mn":"ADBE Vector Shape - Group","hd":false},{"ty":"fl","c":{"a":0,"k":[0.090000003576,0.168999999762,0.125,1],"ix":4},"o":{"a":0,"k":100,"ix":5},"r":1,"bm":0,"nm":"Fill 1","mn":"ADBE Vector Graphic - Fill","hd":false},{"ty":"tr","p":{"a":0,"k":[10.748,19.2],"ix":2},"a":{"a":0,"k":[0,0],"ix":1},"s":{"a":0,"k":[100,100],"ix":3},"r":{"a":0,"k":0,"ix":6},"o":{"a":0,"k":100,"ix":7},"sk":{"a":0,"k":0,"ix":4},"sa":{"a":0,"k":0,"ix":5},"nm":"Transform"}],"nm":"Group 1","np":3,"cix":2,"bm":0,"ix":1,"mn":"ADBE Vector Group","hd":false}],"ip":62,"op":120,"st":48,"bm":0},{"ddd":0,"ind":22,"ty":4,"nm":"o 2","parent":13,"sr":1,"ks":{"o":{"a":1,"k":[{"i":{"x":[0.833],"y":[0.833]},"o":{"x":[0.167],"y":[0.167]},"t":63,"s":[0]},{"t":76,"s":[100]}],"ix":11},"r":{"a":0,"k":0,"ix":10},"p":{"a":0,"k":[-105.801,-70.334,0],"ix":2},"a":{"a":0,"k":[10.896,12.497,0],"ix":1},"s":{"a":0,"k":[100,100,100],"ix":6}},"ao":0,"shapes":[{"ty":"gr","it":[{"ind":0,"ty":"sh","ix":1,"ks":{"a":0,"k":{"i":[[0.178,1.067],[0.296,-1.72],[-0.949,-0.89]],"o":[[-0.297,-1.898],[-0.297,1.601],[0.475,-1.838]],"v":[[5.784,-7.74],[4.005,-7.561],[5.309,-3.35]],"c":true},"ix":2},"nm":"Path 1","mn":"ADBE Vector Shape - Group","hd":false},{"ind":1,"ty":"sh","ix":2,"ks":{"a":0,"k":{"i":[[0.356,0.297],[0.059,2.194],[1.247,-2.254],[-1.543,-1.304],[-2.906,5.456],[-0.474,1.424]],"o":[[-1.246,-0.948],[-1.602,1.364],[-2.491,4.508],[1.66,1.365],[0.89,-1.661],[-0.416,-0.178]],"v":[[3.766,-2.461],[1.038,-7.679],[-3.53,-2.104],[-5.367,9.164],[2.818,2.996],[4.894,-1.749]],"c":true},"ix":2},"nm":"Path 2","mn":"ADBE Vector Shape - Group","hd":false},{"ind":2,"ty":"sh","ix":3,"ks":{"a":0,"k":{"i":[[0.593,-0.06],[4.389,-1.483],[2.372,3.084],[-2.669,4.745],[-3.559,0.238],[-1.187,-1.602],[0.356,-4.27],[0.059,-0.475],[-0.474,0],[0.237,-0.297]],"o":[[-1.245,5.041],[-2.134,0.711],[-2.611,-3.439],[2.254,-4.033],[1.838,-0.119],[1.364,1.838],[-0.059,0.475],[0.355,0],[0.415,0],[-0.415,0.475]],"v":[[8.808,-0.977],[-0.564,11.536],[-8.035,8.927],[-7.087,-4.418],[2.344,-12.128],[6.377,-10.111],[9.163,-3.589],[9.046,-2.223],[10.232,-2.342],[10.41,-1.749]],"c":true},"ix":2},"nm":"Path 3","mn":"ADBE Vector Shape - Group","hd":false},{"ty":"fl","c":{"a":0,"k":[0.090000003576,0.168999999762,0.125,1],"ix":4},"o":{"a":0,"k":100,"ix":5},"r":1,"bm":0,"nm":"Fill 1","mn":"ADBE Vector Graphic - Fill","hd":false},{"ty":"tr","p":{"a":0,"k":[10.896,12.497],"ix":2},"a":{"a":0,"k":[0,0],"ix":1},"s":{"a":0,"k":[100,100],"ix":3},"r":{"a":0,"k":0,"ix":6},"o":{"a":0,"k":100,"ix":7},"sk":{"a":0,"k":0,"ix":4},"sa":{"a":0,"k":0,"ix":5},"nm":"Transform"}],"nm":"Group 1","np":4,"cix":2,"bm":0,"ix":1,"mn":"ADBE Vector Group","hd":false}],"ip":62,"op":120,"st":48,"bm":0},{"ddd":0,"ind":23,"ty":4,"nm":"[","parent":13,"sr":1,"ks":{"o":{"a":0,"k":100,"ix":11},"r":{"a":0,"k":0,"ix":10},"p":{"a":1,"k":[{"i":{"x":0.667,"y":1},"o":{"x":0.333,"y":0},"t":62,"s":[-512.119,24.536,0],"to":[56.333,0,0],"ti":[-56.333,0,0]},{"t":76,"s":[-174.119,24.536,0]}],"ix":2},"a":{"a":0,"k":[17.015,72.193,0],"ix":1},"s":{"a":0,"k":[100,100,100],"ix":6}},"ao":0,"shapes":[{"ty":"gr","it":[{"ind":0,"ty":"sh","ix":1,"ks":{"a":0,"k":{"i":[[0,23.665],[0,0],[-1.119,0],[-10.452,0.028],[0.006,-0.828],[-0.04,-5.466],[0.796,0.008],[4.056,0.031],[-0.001,-0.655],[0.017,-35.16],[-0.687,0.005],[-4.084,0.033],[0.003,-0.699],[-0.026,-5.522],[0.665,0.001],[10.593,-0.031],[0,0.679]],"o":[[0,0],[0,-1.149],[10.452,0],[0.802,-0.002],[-0.038,5.464],[0.007,0.839],[-4.056,-0.041],[-0.681,-0.006],[0.015,35.159],[-0.001,0.72],[4.084,-0.03],[0.709,-0.006],[-0.028,5.521],[0.004,0.668],[-10.592,-0.021],[-0.809,0.003],[0.015,-23.665]],"v":[[-16.752,-0.031],[-16.752,-70.773],[-15.633,-71.923],[15.722,-71.941],[16.757,-70.928],[16.758,-54.532],[15.72,-53.525],[3.55,-53.559],[2.708,-52.7],[2.706,52.779],[3.611,53.659],[15.865,53.628],[16.753,54.525],[16.752,71.09],[15.905,71.934],[-15.872,71.94],[-16.765,70.964]],"c":true},"ix":2},"nm":"Path 1","mn":"ADBE Vector Shape - Group","hd":false},{"ty":"fl","c":{"a":0,"k":[0.097999997437,0.736999988556,0.611999988556,1],"ix":4},"o":{"a":0,"k":100,"ix":5},"r":1,"bm":0,"nm":"Fill 1","mn":"ADBE Vector Graphic - Fill","hd":false},{"ty":"tr","p":{"a":0,"k":[17.015,72.193],"ix":2},"a":{"a":0,"k":[0,0],"ix":1},"s":{"a":0,"k":[100,100],"ix":3},"r":{"a":0,"k":0,"ix":6},"o":{"a":0,"k":100,"ix":7},"sk":{"a":0,"k":0,"ix":4},"sa":{"a":0,"k":0,"ix":5},"nm":"Transform"}],"nm":"Group 1","np":2,"cix":2,"bm":0,"ix":1,"mn":"ADBE Vector Group","hd":false}],"ip":1,"op":120,"st":1,"bm":0},{"ddd":0,"ind":24,"ty":4,"nm":")","parent":13,"sr":1,"ks":{"o":{"a":1,"k":[{"i":{"x":[0.833],"y":[0.833]},"o":{"x":[0.167],"y":[0.167]},"t":67,"s":[0]},{"t":76,"s":[100]}],"ix":11},"r":{"a":0,"k":0,"ix":10},"p":{"a":0,"k":[1.791,-11.187,0],"ix":2},"a":{"a":0,"k":[62.572,35.218,0],"ix":1},"s":{"a":1,"k":[{"i":{"x":[0.833,0.833,0.833],"y":[0.833,0.833,1]},"o":{"x":[0.167,0.167,0.167],"y":[0.167,0.167,0]},"t":67,"s":[0,0,100]},{"t":76,"s":[100,100,100]}],"ix":6}},"ao":0,"shapes":[{"ty":"gr","it":[{"ind":0,"ty":"sh","ix":1,"ks":{"a":0,"k":{"i":[[-0.238,-0.462],[1.172,-4.81],[0.52,-3.24],[0.302,-3.299],[0.018,0.354],[1.183,3.808],[1.266,2.614],[3.004,3.67],[3.052,2.381],[4.692,1.889],[6.365,0.282],[1.77,-0.111],[2.453,-0.5],[3.63,-1.68],[4.937,-5.5],[1.456,-2.231],[1.416,-3.519],[0.594,-4.859],[0.195,-1.439],[0.291,2.199],[0.478,2.843],[2.05,4.389],[0.591,1.603],[-2.402,3.054],[-2.552,2.397],[-3.975,2.404],[-5.424,1.725],[-2.564,0.53],[-3.08,0.285],[-2.436,-0.14],[-5.962,-1.797],[-4.318,-2.316],[-3.225,-2.557],[-2.215,-2.304],[-2.121,-2.955],[-0.119,-0.115],[-0.723,-1.077],[-0.137,-0.213],[-0.243,-0.175]],"o":[[-2.357,4.394],[-0.776,3.185],[-0.525,3.272],[-0.078,-0.351],[-0.21,-3.968],[-0.862,-2.774],[-2.062,-4.254],[-2.464,-3.011],[-3.977,-3.1],[-5.931,-2.386],[-1.761,-0.078],[-2.514,0.16],[-3.915,0.799],[-6.666,3.086],[-1.772,1.975],[-2.071,3.173],[-1.825,4.533],[-0.176,1.443],[-0.187,-2.213],[-0.378,-2.855],[-0.798,-4.744],[-0.72,-1.54],[1.891,-3.398],[2.181,-2.773],[3.38,-3.173],[4.87,-2.947],[2.491,-0.792],[3.037,-0.627],[2.442,-0.227],[6.189,0.353],[4.697,1.416],[3.623,1.942],[2.504,1.985],[2.52,2.62],[0.095,0.133],[0.723,1.077],[0.032,0.273],[0.106,0.266],[0.238,0.463]],"v":[[62.322,1.528],[57.334,15.456],[55.365,25.094],[54.266,34.968],[54.038,33.915],[52.023,22.256],[49,14.111],[41.48,2.177],[33.172,-5.885],[20.158,-13.365],[1.697,-17.285],[-3.6,-17.174],[-11.062,-16.243],[-22.413,-12.553],[-39.95,0.143],[-44.854,6.373],[-50.198,16.331],[-53.884,30.391],[-54.286,34.724],[-54.868,28.087],[-56.18,19.542],[-60.169,5.8],[-62.322,1.164],[-55.754,-8.414],[-48.531,-16.058],[-37.454,-24.396],[-22.02,-31.429],[-14.432,-33.384],[-5.249,-34.582],[2.066,-34.828],[20.331,-31.842],[33.86,-26.264],[44.128,-19.51],[51.284,-13.168],[58.242,-4.799],[58.594,-4.45],[60.764,-1.219],[61.141,-0.561],[61.606,0.14]],"c":true},"ix":2},"nm":"Path 1","mn":"ADBE Vector Shape - Group","hd":false},{"ty":"fl","c":{"a":0,"k":[0.097999997437,0.736999988556,0.611999988556,1],"ix":4},"o":{"a":0,"k":100,"ix":5},"r":1,"bm":0,"nm":"Fill 1","mn":"ADBE Vector Graphic - Fill","hd":false},{"ty":"tr","p":{"a":0,"k":[62.572,35.218],"ix":2},"a":{"a":0,"k":[0,0],"ix":1},"s":{"a":0,"k":[100,100],"ix":3},"r":{"a":0,"k":0,"ix":6},"o":{"a":0,"k":100,"ix":7},"sk":{"a":0,"k":0,"ix":4},"sa":{"a":0,"k":0,"ix":5},"nm":"Transform"}],"nm":"Group 1","np":2,"cix":2,"bm":0,"ix":1,"mn":"ADBE Vector Group","hd":false}],"ip":0,"op":120,"st":-15,"bm":0},{"ddd":0,"ind":25,"ty":4,"nm":">","parent":13,"sr":1,"ks":{"o":{"a":1,"k":[{"i":{"x":[0.833],"y":[0.833]},"o":{"x":[0.167],"y":[0.167]},"t":67,"s":[0]},{"t":76,"s":[100]}],"ix":11},"r":{"a":0,"k":0,"ix":10},"p":{"a":0,"k":[125.855,70.946,0],"ix":2},"a":{"a":0,"k":[54.565,24.601,0],"ix":1},"s":{"a":1,"k":[{"i":{"x":[0.833,0.833,0.833],"y":[0.833,0.833,1]},"o":{"x":[0.167,0.167,0.167],"y":[0.167,0.167,0]},"t":67,"s":[0,0,100]},{"t":76,"s":[100,100,100]}],"ix":6}},"ao":0,"shapes":[{"ty":"gr","it":[{"ind":0,"ty":"sh","ix":1,"ks":{"a":0,"k":{"i":[[-0.132,0.311],[-0.88,-1.566],[-8.508,-4.769],[-5.946,-0.887],[-9.089,3.954],[-4.945,5.295],[-1.332,-1.04],[-3.486,-2.713],[0.306,-0.363],[4.68,-3.375],[8.634,-2.093],[4.28,-0.238],[8.405,2.898],[6.641,5.78],[3.041,4.074],[-0.467,0.666],[-2.268,6.572]],"o":[[0.835,1.811],[4.778,8.506],[5.257,2.947],[9.758,1.455],[6.658,-2.897],[1.159,-1.24],[3.482,2.719],[0.498,0.387],[-3.722,4.41],[-7.207,5.197],[-4.157,1.007],[-8.906,0.495],[-8.315,-2.868],[-3.839,-3.34],[-0.45,-0.603],[3.987,-5.66],[0.034,-0.101]],"v":[[-43.998,-24.351],[-41.527,-19.347],[-21.599,0.559],[-4.784,6.349],[23.523,2.745],[40.871,-9.606],[43.39,-9.819],[53.817,-1.64],[53.846,-0.618],[41.265,11.084],[17.501,22.03],[4.846,23.856],[-21.11,20.192],[-43.532,7.181],[-53.816,-3.96],[-53.848,-5.622],[-44.213,-23.843]],"c":true},"ix":2},"nm":"Path 1","mn":"ADBE Vector Shape - Group","hd":false},{"ty":"fl","c":{"a":0,"k":[0.097999997437,0.736999988556,0.611999988556,1],"ix":4},"o":{"a":0,"k":100,"ix":5},"r":1,"bm":0,"nm":"Fill 1","mn":"ADBE Vector Graphic - Fill","hd":false},{"ty":"tr","p":{"a":0,"k":[54.565,24.601],"ix":2},"a":{"a":0,"k":[0,0],"ix":1},"s":{"a":0,"k":[100,100],"ix":3},"r":{"a":0,"k":0,"ix":6},"o":{"a":0,"k":100,"ix":7},"sk":{"a":0,"k":0,"ix":4},"sa":{"a":0,"k":0,"ix":5},"nm":"Transform"}],"nm":"Group 1","np":2,"cix":2,"bm":0,"ix":1,"mn":"ADBE Vector Group","hd":false}],"ip":0,"op":120,"st":-15,"bm":0}],"markers":[]}